卦象,命中总数,本卦理,本卦,之卦理,之卦
666666,0,666666,用六,,
666667,0,000001,剥,111111,乾
666668,0,000000,坤,111110,夬
666669,0,000001,剥,111110,夬
666676,0,000010,比,111111,乾
666677,0,000011,观,111111,乾
666678,0,000010,比,111110,夬
666679,0,000011,观,111110,夬
666686,0,000000,坤,111101,大有
666687,0,000001,剥,111101,大有
666688,0,000000,坤,111100,大壮
666689,0,000001,剥,111100,大壮
666696,0,000010,比,111101,大有
666697,0,000011,观,111101,大有
666698,0,000010,比,111100,大壮
666699,0,000011,观,111100,大壮
666766,0,000100,豫,111111,乾
666767,0,000101,晋,111111,乾
666768,0,000100,豫,111110,夬
666769,0,000101,晋,111110,夬
666776,0,000110,萃,111111,乾
666777,0,000111,否,111111,乾
666778,0,000110,萃,111110,夬
666779,0,000111,否,111110,夬
666786,0,000100,豫,111101,大有
666787,0,000101,晋,111101,大有
666788,0,000100,豫,111100,大壮
666789,0,000101,晋,111100,大壮
666796,0,000110,萃,111101,大有
666797,0,000111,否,111101,大有
666798,0,000110,萃,111100,大壮
666799,0,000111,否,111100,大壮
666866,0,000000,坤,111011,小畜
666867,0,000001,剥,111011,小畜
666868,0,000000,坤,111010,需
666869,0,000001,剥,111010,需
666876,0,000010,比,111011,小畜
666877,0,000011,观,111011,小畜
666878,0,000010,比,111010,需
666879,0,000011,观,111010,需
666886,0,000000,坤,111001,大畜
666887,0,000001,剥,111001,大畜
666888,0,000000,坤,111000,泰
666889,0,000001,剥,111000,泰
666896,0,000010,比,111001,大畜
666897,0,000011,观,111001,大畜
666898,0,000010,比,111000,泰
666899,0,000011,观,111000,泰
666966,0,000100,豫,111011,小畜
666967,0,000101,晋,111011,小畜
666968,0,000100,豫,111010,需
666969,0,000101,晋,111010,需
666976,0,000110,萃,111011,小畜
666977,0,000111,否,111011,小畜
666978,0,000110,萃,111010,需
666979,0,000111,否,111010,需
666986,0,000100,豫,111001,大畜
666987,0,000101,晋,111001,大畜
666988,0,000100,豫,111000,泰
666989,0,000101,晋,111000,泰
666996,0,000110,萃,111001,大畜
666997,0,000111,否,111001,大畜
666998,0,000110,萃,111000,泰
666999,0,000111,否,111000,泰
667666,0,001000,谦,111111,乾
667667,0,001001,艮,111111,乾
667668,0,001000,谦,111110,夬
667669,0,001001,艮,111110,夬
667676,0,001010,蹇,111111,乾
667677,0,001011,渐,111111,乾
667678,0,001010,蹇,111110,夬
667679,0,001011,渐,111110,夬
667686,0,001000,谦,111101,大有
667687,0,001001,艮,111101,大有
667688,0,001000,谦,111100,大壮
667689,0,001001,艮,111100,大壮
667696,0,001010,蹇,111101,大有
667697,0,001011,渐,111101,大有
667698,0,001010,蹇,111100,大壮
667699,0,001011,渐,111100,大壮
667766,0,001100,小过,111111,乾
667767,0,001101,旅,111111,乾
667768,0,001100,小过,111110,夬
667769,0,001101,旅,111110,夬
667776,0,001110,咸,111111,乾
667777,0,001111,遁,111111,乾
667778,0,001110,咸,111110,夬
667779,0,001111,遁,111110,夬
667786,0,001100,小过,111101,大有
667787,0,001101,旅,111101,大有
667788,0,001100,小过,111100,大壮
667789,0,001101,旅,111100,大壮
667796,0,001110,咸,111101,大有
667797,0,001111,遁,111101,大有
667798,0,001110,咸,111100,大壮
667799,0,001111,遁,111100,大壮
667866,0,001000,谦,111011,小畜
667867,0,001001,艮,111011,小畜
667868,0,001000,谦,111010,需
667869,0,001001,艮,111010,需
667876,0,001010,蹇,111011,小畜
667877,0,001011,渐,111011,小畜
667878,0,001010,蹇,111010,需
667879,0,001011,渐,111010,需
667886,0,001000,谦,111001,大畜
667887,0,001001,艮,111001,大畜
667888,0,001000,谦,111000,泰
667889,0,001001,艮,111000,泰
667896,0,001010,蹇,111001,大畜
667897,0,001011,渐,111001,大畜
667898,0,001010,蹇,111000,泰
667899,0,001011,渐,111000,泰
667966,0,001100,小过,111011,小畜
667967,0,001101,旅,111011,小畜
667968,0,001100,小过,111010,需
667969,0,001101,旅,111010,需
667976,0,001110,咸,111011,小畜
667977,0,001111,遁,111011,小畜
667978,0,001110,咸,111010,需
667979,0,001111,遁,111010,需
667986,0,001100,小过,111001,大畜
667987,0,001101,旅,111001,大畜
667988,0,001100,小过,111000,泰
667989,0,001101,旅,111000,泰
667996,0,001110,咸,111001,大畜
667997,0,001111,遁,111001,大畜
667998,0,001110,咸,111000,泰
667999,0,001111,遁,111000,泰
668666,0,000000,坤,110111,履
668667,0,000001,剥,110111,履
668668,0,000000,坤,110110,兑
668669,0,000001,剥,110110,兑
668676,0,000010,比,110111,履
668677,0,000011,观,110111,履
668678,0,000010,比,110110,兑
668679,0,000011,观,110110,兑
668686,0,000000,坤,110101,睽
668687,0,000001,剥,110101,睽
668688,0,000000,坤,110100,归妹
668689,0,000001,剥,110100,归妹
668696,0,000010,比,110101,睽
668697,0,000011,观,110101,睽
668698,0,000010,比,110100,归妹
668699,0,000011,观,110100,归妹
668766,0,000100,豫,110111,履
668767,0,000101,晋,110111,履
668768,0,000100,豫,110110,兑
668769,0,000101,晋,110110,兑
668776,0,000110,萃,110111,履
668777,0,000111,否,110111,履
668778,0,000110,萃,110110,兑
668779,0,000111,否,110110,兑
668786,0,000100,豫,110101,睽
668787,0,000101,晋,110101,睽
668788,0,000100,豫,110100,归妹
668789,0,000101,晋,110100,归妹
668796,0,000110,萃,110101,睽
668797,0,000111,否,110101,睽
668798,0,000110,萃,110100,归妹
668799,0,000111,否,110100,归妹
668866,0,000000,坤,110011,中孚
668867,0,000001,剥,110011,中孚
668868,0,000000,坤,110010,节
668869,0,000001,剥,110010,节
668876,0,000010,比,110011,中孚
668877,0,000011,观,110011,中孚
668878,0,000010,比,110010,节
668879,0,000011,观,110010,节
668886,0,000000,坤,110001,损
668887,0,000001,剥,110001,损
668888,0,000000,坤,110000,临
668889,0,000001,剥,110000,临
668896,0,000010,比,110001,损
668897,0,000011,观,110001,损
668898,0,000010,比,110000,临
668899,0,000011,观,110000,临
668966,0,000100,豫,110011,中孚
668967,0,000101,晋,110011,中孚
668968,0,000100,豫,110010,节
668969,0,000101,晋,110010,节
668976,0,000110,萃,110011,中孚
668977,0,000111,否,110011,中孚
668978,0,000110,萃,110010,节
668979,0,000111,否,110010,节
668986,0,000100,豫,110001,损
668987,0,000101,晋,110001,损
668988,0,000100,豫,110000,临
668989,0,000101,晋,110000,临
668996,0,000110,萃,110001,损
668997,0,000111,否,110001,损
668998,0,000110,萃,110000,临
668999,0,000111,否,110000,临
669666,0,001000,谦,110111,履
669667,0,001001,艮,110111,履
669668,0,001000,谦,110110,兑
669669,0,001001,艮,110110,兑
669676,0,001010,蹇,110111,履
669677,0,001011,渐,110111,履
669678,0,001010,蹇,110110,兑
669679,0,001011,渐,110110,兑
669686,0,001000,谦,110101,睽
669687,0,001001,艮,110101,睽
669688,0,001000,谦,110100,归妹
669689,0,001001,艮,110100,归妹
669696,0,001010,蹇,110101,睽
669697,0,001011,渐,110101,睽
669698,0,001010,蹇,110100,归妹
669699,0,001011,渐,110100,归妹
669766,0,001100,小过,110111,履
669767,0,001101,旅,110111,履
669768,0,001100,小过,110110,兑
669769,0,001101,旅,110110,兑
669776,0,001110,咸,110111,履
669777,0,001111,遁,110111,履
669778,0,001110,咸,110110,兑
669779,0,001111,遁,110110,兑
669786,0,001100,小过,110101,睽
669787,0,001101,旅,110101,睽
669788,0,001100,小过,110100,归妹
669789,0,001101,旅,110100,归妹
669796,0,001110,咸,110101,睽
669797,0,001111,遁,110101,睽
669798,0,001110,咸,110100,归妹
669799,0,001111,遁,110100,归妹
669866,0,001000,谦,110011,中孚
669867,0,001001,艮,110011,中孚
669868,0,001000,谦,110010,节
669869,0,001001,艮,110010,节
669876,0,001010,蹇,110011,中孚
669877,0,001011,渐,110011,中孚
669878,0,001010,蹇,110010,节
669879,0,001011,渐,110010,节
669886,0,001000,谦,110001,损
669887,0,001001,艮,110001,损
669888,0,001000,谦,110000,临
669889,0,001001,艮,110000,临
669896,0,001010,蹇,110001,损
669897,0,001011,渐,110001,损
669898,0,001010,蹇,110000,临
669899,0,001011,渐,110000,临
669966,0,001100,小过,110011,中孚
669967,0,001101,旅,110011,中孚
669968,0,001100,小过,110010,节
669969,0,001101,旅,110010,节
669976,0,001110,咸,110011,中孚
669977,0,001111,遁,110011,中孚
669978,0,001110,咸,110010,节
669979,0,001111,遁,110010,节
669986,0,001100,小过,110001,损
669987,0,001101,旅,110001,损
669988,0,001100,小过,110000,临
669989,0,001101,旅,110000,临
669996,0,001110,咸,110001,损
669997,0,001111,遁,110001,损
669998,0,001110,咸,110000,临
669999,0,001111,遁,110000,临
676666,0,010000,师,111111,乾
676667,0,010001,蒙,111111,乾
676668,0,010000,师,111110,夬
676669,0,010001,蒙,111110,夬
676676,0,010010,坎,111111,乾
676677,0,010011,涣,111111,乾
676678,0,010010,坎,111110,夬
676679,0,010011,涣,111110,夬
676686,0,010000,师,111101,大有
676687,0,010001,蒙,111101,大有
676688,0,010000,师,111100,大壮
676689,0,010001,蒙,111100,大壮
676696,0,010010,坎,111101,大有
676697,0,010011,涣,111101,大有
676698,0,010010,坎,111100,大壮
676699,0,010011,涣,111100,大壮
676766,0,010100,解,111111,乾
676767,0,010101,未济,111111,乾
676768,0,010100,解,111110,夬
676769,0,010101,未济,111110,夬
676776,0,010110,困,111111,乾
676777,0,010111,讼,111111,乾
676778,0,010110,困,111110,夬
676779,0,010111,讼,111110,夬
676786,0,010100,解,111101,大有
676787,0,010101,未济,111101,大有
676788,0,010100,解,111100,大壮
676789,0,010101,未济,111100,大壮
676796,0,010110,困,111101,大有
676797,0,010111,讼,111101,大有
676798,0,010110,困,111100,大壮
676799,0,010111,讼,111100,大壮
676866,0,010000,师,111011,小畜
676867,0,010001,蒙,111011,小畜
676868,0,010000,师,111010,需
676869,0,010001,蒙,111010,需
676876,0,010010,坎,111011,小畜
676877,0,010011,涣,111011,小畜
676878,0,010010,坎,111010,需
676879,0,010011,涣,111010,需
676886,0,010000,师,111001,大畜
676887,0,010001,蒙,111001,大畜
676888,0,010000,师,111000,泰
676889,0,010001,蒙,111000,泰
676896,0,010010,坎,111001,大畜
676897,0,010011,涣,111001,大畜
676898,0,010010,坎,111000,泰
676899,0,010011,涣,111000,泰
676966,0,010100,解,111011,小畜
676967,0,010101,未济,111011,小畜
676968,0,010100,解,111010,需
676969,0,010101,未济,111010,需
676976,0,010110,困,111011,小畜
676977,0,010111,讼,111011,小畜
676978,0,010110,困,111010,需
676979,0,010111,讼,111010,需
676986,0,010100,解,111001,大畜
676987,0,010101,未济,111001,大畜
676988,0,010100,解,111000,泰
676989,0,010101,未济,111000,泰
676996,0,010110,困,111001,大畜
676997,0,010111,讼,111001,大畜
676998,0,010110,困,111000,泰
676999,0,010111,讼,111000,泰
677666,0,011000,升,111111,乾
677667,0,011001,蛊,111111,乾
677668,0,011000,升,111110,夬
677669,0,011001,蛊,111110,夬
677676,0,011010,井,111111,乾
677677,0,011011,巽,111111,乾
677678,0,011010,井,111110,夬
677679,0,011011,巽,111110,夬
677686,0,011000,升,111101,大有
677687,0,011001,蛊,111101,大有
677688,0,011000,升,111100,大壮
677689,0,011001,蛊,111100,大壮
677696,0,011010,井,111101,大有
677697,0,011011,巽,111101,大有
677698,0,011010,井,111100,大壮
677699,0,011011,巽,111100,大壮
677766,0,011100,恒,111111,乾
677767,0,011101,鼎,111111,乾
677768,0,011100,恒,111110,夬
677769,0,011101,鼎,111110,夬
677776,0,011110,大过,111111,乾
677777,0,011111,姤,111111,乾
677778,0,011110,大过,111110,夬
677779,0,011111,姤,111110,夬
677786,0,011100,恒,111101,大有
677787,0,011101,鼎,111101,大有
677788,0,011100,恒,111100,大壮
677789,0,011101,鼎,111100,大壮
677796,0,011110,大过,111101,大有
677797,0,011111,姤,111101,大有
677798,0,011110,大过,111100,大壮
677799,0,011111,姤,111100,大壮
677866,0,011000,升,111011,小畜
677867,0,011001,蛊,111011,小畜
677868,0,011000,升,111010,需
677869,0,011001,蛊,111010,需
677876,0,011010,井,111011,小畜
677877,0,011011,巽,111011,小畜
677878,0,011010,井,111010,需
677879,0,011011,巽,111010,需
677886,0,011000,升,111001,大畜
677887,0,011001,蛊,111001,大畜
677888,0,011000,升,111000,泰
677889,0,011001,蛊,111000,泰
677896,0,011010,井,111001,大畜
677897,0,011011,巽,111001,大畜
677898,0,011010,井,111000,泰
677899,0,011011,巽,111000,泰
677966,0,011100,恒,111011,小畜
677967,0,011101,鼎,111011,小畜
677968,0,011100,恒,111010,需
677969,0,011101,鼎,111010,需
677976,0,011110,大过,111011,小畜
677977,0,011111,姤,111011,小畜
677978,0,011110,大过,111010,需
677979,0,011111,姤,111010,需
677986,0,011100,恒,111001,大畜
677987,0,011101,鼎,111001,大畜
677988,0,011100,恒,111000,泰
677989,0,011101,鼎,111000,泰
677996,0,011110,大过,111001,大畜
677997,0,011111,姤,111001,大畜
677998,0,011110,大过,111000,泰
677999,0,011111,姤,111000,泰
678666,0,010000,师,110111,履
678667,0,010001,蒙,110111,履
678668,0,010000,师,110110,兑
678669,0,010001,蒙,110110,兑
678676,0,010010,坎,110111,履
678677,0,010011,涣,110111,履
678678,0,010010,坎,110110,兑
678679,0,010011,涣,110110,兑
678686,0,010000,师,110101,睽
678687,0,010001,蒙,110101,睽
678688,0,010000,师,110100,归妹
678689,0,010001,蒙,110100,归妹
678696,0,010010,坎,110101,睽
678697,0,010011,涣,110101,睽
678698,0,010010,坎,110100,归妹
678699,0,010011,涣,110100,归妹
678766,0,010100,解,110111,履
678767,0,010101,未济,110111,履
678768,0,010100,解,110110,兑
678769,0,010101,未济,110110,兑
678776,0,010110,困,110111,履
678777,0,010111,讼,110111,履
678778,0,010110,困,110110,兑
678779,0,010111,讼,110110,兑
678786,0,010100,解,110101,睽
678787,0,010101,未济,110101,睽
678788,0,010100,解,110100,归妹
678789,0,010101,未济,110100,归妹
678796,0,010110,困,110101,睽
678797,0,010111,讼,110101,睽
678798,0,010110,困,110100,归妹
678799,0,010111,讼,110100,归妹
678866,0,010000,师,110011,中孚
678867,0,010001,蒙,110011,中孚
678868,0,010000,师,110010,节
678869,0,010001,蒙,110010,节
678876,0,010010,坎,110011,中孚
678877,0,010011,涣,110011,中孚
678878,0,010010,坎,110010,节
678879,0,010011,涣,110010,节
678886,0,010000,师,110001,损
678887,0,010001,蒙,110001,损
678888,0,010000,师,110000,临
678889,0,010001,蒙,110000,临
678896,0,010010,坎,110001,损
678897,0,010011,涣,110001,损
678898,0,010010,坎,110000,临
678899,0,010011,涣,110000,临
678966,0,010100,解,110011,中孚
678967,0,010101,未济,110011,中孚
678968,0,010100,解,110010,节
678969,0,010101,未济,110010,节
678976,0,010110,困,110011,中孚
678977,0,010111,讼,110011,中孚
678978,0,010110,困,110010,节
678979,0,010111,讼,110010,节
678986,0,010100,解,110001,损
678987,0,010101,未济,110001,损
678988,0,010100,解,110000,临
678989,0,010101,未济,110000,临
678996,0,010110,困,110001,损
678997,0,010111,讼,110001,损
678998,0,010110,困,110000,临
678999,0,010111,讼,110000,临
679666,0,011000,升,110111,履
679667,0,011001,蛊,110111,履
679668,0,011000,升,110110,兑
679669,0,011001,蛊,110110,兑
679676,0,011010,井,110111,履
679677,0,011011,巽,110111,履
679678,0,011010,井,110110,兑
679679,0,011011,巽,110110,兑
679686,0,011000,升,110101,睽
679687,0,011001,蛊,110101,睽
679688,0,011000,升,110100,归妹
679689,0,011001,蛊,110100,归妹
679696,0,011010,井,110101,睽
679697,0,011011,巽,110101,睽
679698,0,011010,井,110100,归妹
679699,0,011011,巽,110100,归妹
679766,0,011100,恒,110111,履
679767,0,011101,鼎,110111,履
679768,0,011100,恒,110110,兑
679769,0,011101,鼎,110110,兑
679776,0,011110,大过,110111,履
679777,0,011111,姤,110111,履
679778,0,011110,大过,110110,兑
679779,0,011111,姤,110110,兑
679786,0,011100,恒,110101,睽
679787,0,011101,鼎,110101,睽
679788,0,011100,恒,110100,归妹
679789,0,011101,鼎,110100,归妹
679796,0,011110,大过,110101,睽
679797,0,011111,姤,110101,睽
679798,0,011110,大过,110100,归妹
679799,0,011111,姤,110100,归妹
679866,0,011000,升,110011,中孚
679867,0,011001,蛊,110011,中孚
679868,0,011000,升,110010,节
679869,0,011001,蛊,110010,节
679876,0,011010,井,110011,中孚
679877,0,011011,巽,110011,中孚
679878,0,011010,井,110010,节
679879,0,011011,巽,110010,节
679886,0,011000,升,110001,损
679887,0,011001,蛊,110001,损
679888,0,011000,升,110000,临
679889,0,011001,蛊,110000,临
679896,0,011010,井,110001,损
679897,0,011011,巽,110001,损
679898,0,011010,井,110000,临
679899,0,011011,巽,110000,临
679966,0,011100,恒,110011,中孚
679967,0,011101,鼎,110011,中孚
679968,0,011100,恒,110010,节
679969,0,011101,鼎,110010,节
679976,0,011110,大过,110011,中孚
679977,0,011111,姤,110011,中孚
679978,0,011110,大过,110010,节
679979,0,011111,姤,110010,节
679986,0,011100,恒,110001,损
679987,0,011101,鼎,110001,损
679988,0,011100,恒,110000,临
679989,0,011101,鼎,110000,临
679996,0,011110,大过,110001,损
679997,0,011111,姤,110001,损
679998,0,011110,大过,110000,临
679999,0,011111,姤,110000,临
686666,0,000000,坤,101111,同人
686667,0,000001,剥,101111,同人
686668,0,000000,坤,101110,革
686669,0,000001,剥,101110,革
686676,0,000010,比,101111,同人
686677,0,000011,观,101111,同人
686678,0,000010,比,101110,革
686679,0,000011,观,101110,革
686686,0,000000,坤,101101,离
686687,0,000001,剥,101101,离
686688,0,000000,坤,101100,丰
686689,0,000001,剥,101100,丰
686696,0,000010,比,101101,离
686697,0,000011,观,101101,离
686698,0,000010,比,101100,丰
686699,0,000011,观,101100,丰
686766,0,000100,豫,101111,同人
686767,0,000101,晋,101111,同人
686768,0,000100,豫,101110,革
686769,0,000101,晋,101110,革
686776,0,000110,萃,101111,同人
686777,0,000111,否,101111,同人
686778,0,000110,萃,101110,革
686779,0,000111,否,101110,革
686786,0,000100,豫,101101,离
686787,0,000101,晋,101101,离
686788,0,000100,豫,101100,丰
686789,0,000101,晋,101100,丰
686796,0,000110,萃,101101,离
686797,0,000111,否,101101,离
686798,0,000110,萃,101100,丰
686799,0,000111,否,101100,丰
686866,0,000000,坤,101011,家人
686867,0,000001,剥,101011,家人
686868,0,000000,坤,101010,既济
686869,0,000001,剥,101010,既济
686876,0,000010,比,101011,家人
686877,0,000011,观,101011,家人
686878,0,000010,比,101010,既济
686879,0,000011,观,101010,既济
686886,0,000000,坤,101001,贲
686887,0,000001,剥,101001,贲
686888,0,000000,坤,101000,明夷
686889,0,000001,剥,101000,明夷
686896,0,000010,比,101001,贲
686897,0,000011,观,101001,贲
686898,0,000010,比,101000,明夷
686899,0,000011,观,101000,明夷
686966,0,000100,豫,101011,家人
686967,0,000101,晋,101011,家人
686968,0,000100,豫,101010,既济
686969,0,000101,晋,101010,既济
686976,0,000110,萃,101011,家人
686977,0,000111,否,101011,家人
686978,0,000110,萃,101010,既济
686979,0,000111,否,101010,既济
686986,0,000100,豫,101001,贲
686987,0,000101,晋,101001,贲
686988,0,000100,豫,101000,明夷
686989,0,000101,晋,101000,明夷
686996,0,000110,萃,101001,贲
686997,0,000111,否,101001,贲
686998,0,000110,萃,101000,明夷
686999,0,000111,否,101000,明夷
687666,0,001000,谦,101111,同人
687667,0,001001,艮,101111,同人
687668,0,001000,谦,101110,革
687669,0,001001,艮,101110,革
687676,0,001010,蹇,101111,同人
687677,0,001011,渐,101111,同人
687678,0,001010,蹇,101110,革
687679,0,001011,渐,101110,革
687686,0,001000,谦,101101,离
687687,0,001001,艮,101101,离
687688,0,001000,谦,101100,丰
687689,0,001001,艮,101100,丰
687696,0,001010,蹇,101101,离
687697,0,001011,渐,101101,离
687698,0,001010,蹇,101100,丰
687699,0,001011,渐,101100,丰
687766,0,001100,小过,101111,同人
687767,0,001101,旅,101111,同人
687768,0,001100,小过,101110,革
687769,0,001101,旅,101110,革
687776,0,001110,咸,101111,同人
687777,0,001111,遁,101111,同人
687778,0,001110,咸,101110,革
687779,0,001111,遁,101110,革
687786,0,001100,小过,101101,离
687787,0,001101,旅,101101,离
687788,0,001100,小过,101100,丰
687789,0,001101,旅,101100,丰
687796,0,001110,咸,101101,离
687797,0,001111,遁,101101,离
687798,0,001110,咸,101100,丰
687799,0,001111,遁,101100,丰
687866,0,001000,谦,101011,家人
687867,0,001001,艮,101011,家人
687868,0,001000,谦,101010,既济
687869,0,001001,艮,101010,既济
687876,0,001010,蹇,101011,家人
687877,0,001011,渐,101011,家人
687878,0,001010,蹇,101010,既济
687879,0,001011,渐,101010,既济
687886,0,001000,谦,101001,贲
687887,0,001001,艮,101001,贲
687888,0,001000,谦,101000,明夷
687889,0,001001,艮,101000,明夷
687896,0,001010,蹇,101001,贲
687897,0,001011,渐,101001,贲
687898,0,001010,蹇,101000,明夷
687899,0,001011,渐,101000,明夷
687966,0,001100,小过,101011,家人
687967,0,001101,旅,101011,家人
687968,0,001100,小过,101010,既济
687969,0,001101,旅,101010,既济
687976,0,001110,咸,101011,家人
687977,0,001111,遁,101011,家人
687978,0,001110,咸,101010,既济
687979,0,001111,遁,101010,既济
687986,0,001100,小过,101001,贲
687987,0,001101,旅,101001,贲
687988,0,001100,小过,101000,明夷
687989,0,001101,旅,101000,明夷
687996,0,001110,咸,101001,贲
687997,0,001111,遁,101001,贲
687998,0,001110,咸,101000,明夷
687999,0,001111,遁,101000,明夷
688666,0,000000,坤,100111,无妄
688667,0,000001,剥,100111,无妄
688668,0,000000,坤,100110,随
688669,0,000001,剥,100110,随
688676,0,000010,比,100111,无妄
688677,0,000011,观,100111,无妄
688678,0,000010,比,100110,随
688679,0,000011,观,100110,随
688686,0,000000,坤,100101,噬嗑
688687,0,000001,剥,100101,噬嗑
688688,0,000000,坤,100100,震
688689,0,000001,剥,100100,震
688696,0,000010,比,100101,噬嗑
688697,0,000011,观,100101,噬嗑
688698,0,000010,比,100100,震
688699,0,000011,观,100100,震
688766,0,000100,豫,100111,无妄
688767,0,000101,晋,100111,无妄
688768,0,000100,豫,100110,随
688769,0,000101,晋,100110,随
688776,0,000110,萃,100111,无妄
688777,0,000111,否,100111,无妄
688778,0,000110,萃,100110,随
688779,0,000111,否,100110,随
688786,0,000100,豫,100101,噬嗑
688787,0,000101,晋,100101,噬嗑
688788,0,000100,豫,100100,震
688789,0,000101,晋,100100,震
688796,0,000110,萃,100101,噬嗑
688797,0,000111,否,100101,噬嗑
688798,0,000110,萃,100100,震
688799,0,000111,否,100100,震
688866,0,000000,坤,100011,益
688867,0,000001,剥,100011,益
688868,0,000000,坤,100010,屯
688869,0,000001,剥,100010,屯
688876,0,000010,比,100011,益
688877,0,000011,观,100011,益
688878,0,000010,比,100010,屯
688879,0,000011,观,100010,屯
688886,0,000000,坤,100001,颐
688887,0,000001,剥,100001,颐
688888,0,000000,坤,100000,复
688889,0,000001,剥,100000,复
688896,0,000010,比,100001,颐
688897,0,000011,观,100001,颐
688898,0,000010,比,100000,复
688899,0,000011,观,100000,复
688966,0,000100,豫,100011,益
688967,0,000101,晋,100011,益
688968,0,000100,豫,100010,屯
688969,0,000101,晋,100010,屯
688976,0,000110,萃,100011,益
688977,0,000111,否,100011,益
688978,0,000110,萃,100010,屯
688979,0,000111,否,100010,屯
688986,0,000100,豫,100001,颐
688987,0,000101,晋,100001,颐
688988,0,000100,豫,100000,复
688989,0,000101,晋,100000,复
688996,0,000110,萃,100001,颐
688997,0,000111,否,100001,颐
688998,0,000110,萃,100000,复
688999,0,000111,否,100000,复
689666,0,001000,谦,100111,无妄
689667,0,001001,艮,100111,无妄
689668,0,001000,谦,100110,随
689669,0,001001,艮,100110,随
689676,0,001010,蹇,100111,无妄
689677,0,001011,渐,100111,无妄
689678,0,001010,蹇,100110,随
689679,0,001011,渐,100110,随
689686,0,001000,谦,100101,噬嗑
689687,0,001001,艮,100101,噬嗑
689688,0,001000,谦,100100,震
689689,0,001001,艮,100100,震
689696,0,001010,蹇,100101,噬嗑
689697,0,001011,渐,100101,噬嗑
689698,0,001010,蹇,100100,震
689699,0,001011,渐,100100,震
689766,0,001100,小过,100111,无妄
689767,0,001101,旅,100111,无妄
689768,0,001100,小过,100110,随
689769,0,001101,旅,100110,随
689776,0,001110,咸,100111,无妄
689777,0,001111,遁,100111,无妄
689778,0,001110,咸,100110,随
689779,0,001111,遁,100110,随
689786,0,001100,小过,100101,噬嗑
689787,0,001101,旅,100101,噬嗑
689788,0,001100,小过,100100,震
689789,0,001101,旅,100100,震
689796,0,001110,咸,100101,噬嗑
689797,0,001111,遁,100101,噬嗑
689798,0,001110,咸,100100,震
689799,0,001111,遁,100100,震
689866,0,001000,谦,100011,益
689867,0,001001,艮,100011,益
689868,0,001000,谦,100010,屯
689869,0,001001,艮,100010,屯
689876,0,001010,蹇,100011,益
689877,0,001011,渐,100011,益
689878,0,001010,蹇,100010,屯
689879,0,001011,渐,100010,屯
689886,0,001000,谦,100001,颐
689887,0,001001,艮,100001,颐
689888,0,001000,谦,100000,复
689889,0,001001,艮,100000,复
689896,0,001010,蹇,100001,颐
689897,0,001011,渐,100001,颐
689898,0,001010,蹇,100000,复
689899,0,001011,渐,100000,复
689966,0,001100,小过,100011,益
689967,0,001101,旅,100011,益
689968,0,001100,小过,100010,屯
689969,0,001101,旅,100010,屯
689976,0,001110,咸,100011,益
689977,0,001111,遁,100011,益
689978,0,001110,咸,100010,屯
689979,0,001111,遁,100010,屯
689986,0,001100,小过,100001,颐
689987,0,001101,旅,100001,颐
689988,0,001100,小过,100000,复
689989,0,001101,旅,100000,复
689996,0,001110,咸,100001,颐
689997,0,001111,遁,100001,颐
689998,0,001110,咸,100000,复
689999,0,001111,遁,100000,复
696666,0,010000,师,101111,同人
696667,0,010001,蒙,101111,同人
696668,0,010000,师,101110,革
696669,0,010001,蒙,101110,革
696676,0,010010,坎,101111,同人
696677,0,010011,涣,101111,同人
696678,0,010010,坎,101110,革
696679,0,010011,涣,101110,革
696686,0,010000,师,101101,离
696687,0,010001,蒙,101101,离
696688,0,010000,师,101100,丰
696689,0,010001,蒙,101100,丰
696696,0,010010,坎,101101,离
696697,0,010011,涣,101101,离
696698,0,010010,坎,101100,丰
696699,0,010011,涣,101100,丰
696766,0,010100,解,101111,同人
696767,0,010101,未济,101111,同人
696768,0,010100,解,101110,革
696769,0,010101,未济,101110,革
696776,0,010110,困,101111,同人
696777,0,010111,讼,101111,同人
696778,0,010110,困,101110,革
696779,0,010111,讼,101110,革
696786,0,010100,解,101101,离
696787,0,010101,未济,101101,离
696788,0,010100,解,101100,丰
696789,0,010101,未济,101100,丰
696796,0,010110,困,101101,离
696797,0,010111,讼,101101,离
696798,0,010110,困,101100,丰
696799,0,010111,讼,101100,丰
696866,0,010000,师,101011,家人
696867,0,010001,蒙,101011,家人
696868,0,010000,师,101010,既济
696869,0,010001,蒙,101010,既济
696876,0,010010,坎,101011,家人
696877,0,010011,涣,101011,家人
696878,0,010010,坎,101010,既济
696879,0,010011,涣,101010,既济
696886,0,010000,师,101001,贲
696887,0,010001,蒙,101001,贲
696888,0,010000,师,101000,明夷
696889,0,010001,蒙,101000,明夷
696896,0,010010,坎,101001,贲
696897,0,010011,涣,101001,贲
696898,0,010010,坎,101000,明夷
696899,0,010011,涣,101000,明夷
696966,0,010100,解,101011,家人
696967,0,010101,未济,101011,家人
696968,0,010100,解,101010,既济
696969,0,010101,未济,101010,既济
696976,0,010110,困,101011,家人
696977,0,010111,讼,101011,家人
696978,0,010110,困,101010,既济
696979,0,010111,讼,101010,既济
696986,0,010100,解,101001,贲
696987,0,010101,未济,101001,贲
696988,0,010100,解,101000,明夷
696989,0,010101,未济,101000,明夷
696996,0,010110,困,101001,贲
696997,0,010111,讼,101001,贲
696998,0,010110,困,101000,明夷
696999,0,010111,讼,101000,明夷
697666,0,011000,升,101111,同人
697667,0,011001,蛊,101111,同人
697668,0,011000,升,101110,革
697669,0,011001,蛊,101110,革
697676,0,011010,井,101111,同人
697677,0,011011,巽,101111,同人
697678,0,011010,井,101110,革
697679,0,011011,巽,101110,革
697686,0,011000,升,101101,离
697687,0,011001,蛊,101101,离
697688,0,011000,升,101100,丰
697689,0,011001,蛊,101100,丰
697696,0,011010,井,101101,离
697697,0,011011,巽,101101,离
697698,0,011010,井,101100,丰
697699,0,011011,巽,101100,丰
697766,0,011100,恒,101111,同人
697767,0,011101,鼎,101111,同人
697768,0,011100,恒,101110,革
697769,0,011101,鼎,101110,革
697776,0,011110,大过,101111,同人
697777,0,011111,姤,101111,同人
697778,0,011110,大过,101110,革
697779,0,011111,姤,101110,革
697786,0,011100,恒,101101,离
697787,0,011101,鼎,101101,离
697788,0,011100,恒,101100,丰
697789,0,011101,鼎,101100,丰
697796,0,011110,大过,101101,离
697797,0,011111,姤,101101,离
697798,0,011110,大过,101100,丰
697799,0,011111,姤,101100,丰
697866,0,011000,升,101011,家人
697867,0,011001,蛊,101011,家人
697868,0,011000,升,101010,既济
697869,0,011001,蛊,101010,既济
697876,0,011010,井,101011,家人
697877,0,011011,巽,101011,家人
697878,0,011010,井,101010,既济
697879,0,011011,巽,101010,既济
697886,0,011000,升,101001,贲
697887,0,011001,蛊,101001,贲
697888,0,011000,升,101000,明夷
697889,0,011001,蛊,101000,明夷
697896,0,011010,井,101001,贲
697897,0,011011,巽,101001,贲
697898,0,011010,井,101000,明夷
697899,0,011011,巽,101000,明夷
697966,0,011100,恒,101011,家人
697967,0,011101,鼎,101011,家人
697968,0,011100,恒,101010,既济
697969,0,011101,鼎,101010,既济
697976,0,011110,大过,101011,家人
697977,0,011111,姤,101011,家人
697978,0,011110,大过,101010,既济
697979,0,011111,姤,101010,既济
697986,0,011100,恒,101001,贲
697987,0,011101,鼎,101001,贲
697988,0,011100,恒,101000,明夷
697989,0,011101,鼎,101000,明夷
697996,0,011110,大过,101001,贲
697997,0,011111,姤,101001,贲
697998,0,011110,大过,101000,明夷
697999,0,011111,姤,101000,明夷
698666,0,010000,师,100111,无妄
698667,0,010001,蒙,100111,无妄
698668,0,010000,师,100110,随
698669,0,010001,蒙,100110,随
698676,0,010010,坎,100111,无妄
698677,0,010011,涣,100111,无妄
698678,0,010010,坎,100110,随
698679,0,010011,涣,100110,随
698686,0,010000,师,100101,噬嗑
698687,0,010001,蒙,100101,噬嗑
698688,0,010000,师,100100,震
698689,0,010001,蒙,100100,震
698696,0,010010,坎,100101,噬嗑
698697,0,010011,涣,100101,噬嗑
698698,0,010010,坎,100100,震
698699,0,010011,涣,100100,震
698766,0,010100,解,100111,无妄
698767,0,010101,未济,100111,无妄
698768,0,010100,解,100110,随
698769,0,010101,未济,100110,随
698776,0,010110,困,100111,无妄
698777,0,010111,讼,100111,无妄
698778,0,010110,困,100110,随
698779,0,010111,讼,100110,随
698786,0,010100,解,100101,噬嗑
698787,0,010101,未济,100101,噬嗑
698788,0,010100,解,100100,震
698789,0,010101,未济,100100,震
698796,0,010110,困,100101,噬嗑
698797,0,010111,讼,100101,噬嗑
698798,0,010110,困,100100,震
698799,0,010111,讼,100100,震
698866,0,010000,师,100011,益
698867,0,010001,蒙,100011,益
698868,0,010000,师,100010,屯
698869,0,010001,蒙,100010,屯
698876,0,010010,坎,100011,益
698877,0,010011,涣,100011,益
698878,0,010010,坎,100010,屯
698879,0,010011,涣,100010,屯
698886,0,010000,师,100001,颐
698887,0,010001,蒙,100001,颐
698888,0,010000,师,100000,复
698889,0,010001,蒙,100000,复
698896,0,010010,坎,100001,颐
698897,0,010011,涣,100001,颐
698898,0,010010,坎,100000,复
698899,0,010011,涣,100000,复
698966,0,010100,解,100011,益
698967,0,010101,未济,100011,益
698968,0,010100,解,100010,屯
698969,0,010101,未济,100010,屯
698976,0,010110,困,100011,益
698977,0,010111,讼,100011,益
698978,0,010110,困,100010,屯
698979,0,010111,讼,100010,屯
698986,0,010100,解,100001,颐
698987,0,010101,未济,100001,颐
698988,0,010100,解,100000,复
698989,0,010101,未济,100000,复
698996,0,010110,困,100001,颐
698997,0,010111,讼,100001,颐
698998,0,010110,困,100000,复
698999,0,010111,讼,100000,复
699666,0,011000,升,100111,无妄
699667,0,011001,蛊,100111,无妄
699668,0,011000,升,100110,随
699669,0,011001,蛊,100110,随
699676,0,011010,井,100111,无妄
699677,0,011011,巽,100111,无妄
699678,0,011010,井,100110,随
699679,0,011011,巽,100110,随
699686,0,011000,升,100101,噬嗑
699687,0,011001,蛊,100101,噬嗑
699688,0,011000,升,100100,震
699689,0,011001,蛊,100100,震
699696,0,011010,井,100101,噬嗑
699697,0,011011,巽,100101,噬嗑
699698,0,011010,井,100100,震
699699,0,011011,巽,100100,震
699766,0,011100,恒,100111,无妄
699767,0,011101,鼎,100111,无妄
699768,0,011100,恒,100110,随
699769,0,011101,鼎,100110,随
699776,0,011110,大过,100111,无妄
699777,0,011111,姤,100111,无妄
699778,0,011110,大过,100110,随
699779,0,011111,姤,100110,随
699786,0,011100,恒,100101,噬嗑
699787,0,011101,鼎,100101,噬嗑
699788,0,011100,恒,100100,震
699789,0,011101,鼎,100100,震
699796,0,011110,大过,100101,噬嗑
699797,0,011111,姤,100101,噬嗑
699798,0,011110,大过,100100,震
699799,0,011111,姤,100100,震
699866,0,011000,升,100011,益
699867,0,011001,蛊,100011,益
699868,0,011000,升,100010,屯
699869,0,011001,蛊,100010,屯
699876,0,011010,井,100011,益
699877,0,011011,巽,100011,益
699878,0,011010,井,100010,屯
699879,0,011011,巽,100010,屯
699886,0,011000,升,100001,颐
699887,0,011001,蛊,100001,颐
699888,0,011000,升,100000,复
699889,0,011001,蛊,100000,复
699896,0,011010,井,100001,颐
699897,0,011011,巽,100001,颐
699898,0,011010,井,100000,复
699899,0,011011,巽,100000,复
699966,0,011100,恒,100011,益
699967,0,011101,鼎,100011,益
699968,0,011100,恒,100010,屯
699969,0,011101,鼎,100010,屯
699976,0,011110,大过,100011,益
699977,0,011111,姤,100011,益
699978,0,011110,大过,100010,屯
699979,0,011111,姤,100010,屯
699986,0,011100,恒,100001,颐
699987,0,011101,鼎,100001,颐
699988,0,011100,恒,100000,复
699989,0,011101,鼎,100000,复
699996,0,011110,大过,100001,颐
699997,0,011111,姤,100001,颐
699998,0,011110,大过,100000,复
699999,0,011111,姤,100000,复
766666,0,100000,复,111111,乾
766667,0,100001,颐,111111,乾
766668,0,100000,复,111110,夬
766669,0,100001,颐,111110,夬
766676,0,100010,屯,111111,乾
766677,0,100011,益,111111,乾
766678,0,100010,屯,111110,夬
766679,0,100011,益,111110,夬
766686,0,100000,复,111101,大有
766687,0,100001,颐,111101,大有
766688,0,100000,复,111100,大壮
766689,0,100001,颐,111100,大壮
766696,0,100010,屯,111101,大有
766697,0,100011,益,111101,大有
766698,0,100010,屯,111100,大壮
766699,0,100011,益,111100,大壮
766766,0,100100,震,111111,乾
766767,0,100101,噬嗑,111111,乾
766768,0,100100,震,111110,夬
766769,0,100101,噬嗑,111110,夬
766776,0,100110,随,111111,乾
766777,0,100111,无妄,111111,乾
766778,0,100110,随,111110,夬
766779,0,100111,无妄,111110,夬
766786,0,100100,震,111101,大有
766787,0,100101,噬嗑,111101,大有
766788,0,100100,震,111100,大壮
766789,0,100101,噬嗑,111100,大壮
766796,0,100110,随,111101,大有
766797,0,100111,无妄,111101,大有
766798,0,100110,随,111100,大壮
766799,0,100111,无妄,111100,大壮
766866,0,100000,复,111011,小畜
766867,0,100001,颐,111011,小畜
766868,0,100000,复,111010,需
766869,0,100001,颐,111010,需
766876,0,100010,屯,111011,小畜
766877,0,100011,益,111011,小畜
766878,0,100010,屯,111010,需
766879,0,100011,益,111010,需
766886,0,100000,复,111001,大畜
766887,0,100001,颐,111001,大畜
766888,0,100000,复,111000,泰
766889,0,100001,颐,111000,泰
766896,0,100010,屯,111001,大畜
766897,0,100011,益,111001,大畜
766898,0,100010,屯,111000,泰
766899,0,100011,益,111000,泰
766966,0,100100,震,111011,小畜
766967,0,100101,噬嗑,111011,小畜
766968,0,100100,震,111010,需
766969,0,100101,噬嗑,111010,需
766976,0,100110,随,111011,小畜
766977,0,100111,无妄,111011,小畜
766978,0,100110,随,111010,需
766979,0,100111,无妄,111010,需
766986,0,100100,震,111001,大畜
766987,0,100101,噬嗑,111001,大畜
766988,0,100100,震,111000,泰
766989,0,100101,噬嗑,111000,泰
766996,0,100110,随,111001,大畜
766997,0,100111,无妄,111001,大畜
766998,0,100110,随,111000,泰
766999,0,100111,无妄,111000,泰
767666,0,101000,明夷,111111,乾
767667,0,101001,贲,111111,乾
767668,0,101000,明夷,111110,夬
767669,0,101001,贲,111110,夬
767676,0,101010,既济,111111,乾
767677,0,101011,家人,111111,乾
767678,0,101010,既济,111110,夬
767679,0,101011,家人,111110,夬
767686,0,101000,明夷,111101,大有
767687,0,101001,贲,111101,大有
767688,0,101000,明夷,111100,大壮
767689,0,101001,贲,111100,大壮
767696,0,101010,既济,111101,大有
767697,0,101011,家人,111101,大有
767698,0,101010,既济,111100,大壮
767699,0,101011,家人,111100,大壮
767766,0,101100,丰,111111,乾
767767,0,101101,离,111111,乾
767768,0,101100,丰,111110,夬
767769,0,101101,离,111110,夬
767776,0,101110,革,111111,乾
767777,0,101111,同人,111111,乾
767778,0,101110,革,111110,夬
767779,0,101111,同人,111110,夬
767786,0,101100,丰,111101,大有
767787,0,101101,离,111101,大有
767788,0,101100,丰,111100,大壮
767789,0,101101,离,111100,大壮
767796,0,101110,革,111101,大有
767797,0,101111,同人,111101,大有
767798,0,101110,革,111100,大壮
767799,0,101111,同人,111100,大壮
767866,0,101000,明夷,111011,小畜
767867,0,101001,贲,111011,小畜
767868,0,101000,明夷,111010,需
767869,0,101001,贲,111010,需
767876,0,101010,既济,111011,小畜
767877,0,101011,家人,111011,小畜
767878,0,101010,既济,111010,需
767879,0,101011,家人,111010,需
767886,0,101000,明夷,111001,大畜
767887,0,101001,贲,111001,大畜
767888,0,101000,明夷,111000,泰
767889,0,101001,贲,111000,泰
767896,0,101010,既济,111001,大畜
767897,0,101011,家人,111001,大畜
767898,0,101010,既济,111000,泰
767899,0,101011,家人,111000,泰
767966,0,101100,丰,111011,小畜
767967,0,101101,离,111011,小畜
767968,0,101100,丰,111010,需
767969,0,101101,离,111010,需
767976,0,101110,革,111011,小畜
767977,0,101111,同人,111011,小畜
767978,0,101110,革,111010,需
767979,0,101111,同人,111010,需
767986,0,101100,丰,111001,大畜
767987,0,101101,离,111001,大畜
767988,0,101100,丰,111000,泰
767989,0,101101,离,111000,泰
767996,0,101110,革,111001,大畜
767997,0,101111,同人,111001,大畜
767998,0,101110,革,111000,泰
767999,0,101111,同人,111000,泰
768666,0,100000,复,110111,履
768667,0,100001,颐,110111,履
768668,0,100000,复,110110,兑
768669,0,100001,颐,110110,兑
768676,0,100010,屯,110111,履
768677,0,100011,益,110111,履
768678,0,100010,屯,110110,兑
768679,0,100011,益,110110,兑
768686,0,100000,复,110101,睽
768687,0,100001,颐,110101,睽
768688,0,100000,复,110100,归妹
768689,0,100001,颐,110100,归妹
768696,0,100010,屯,110101,睽
768697,0,100011,益,110101,睽
768698,0,100010,屯,110100,归妹
768699,0,100011,益,110100,归妹
768766,0,100100,震,110111,履
768767,0,100101,噬嗑,110111,履
768768,0,100100,震,110110,兑
768769,0,100101,噬嗑,110110,兑
768776,0,100110,随,110111,履
768777,0,100111,无妄,110111,履
768778,0,100110,随,110110,兑
768779,0,100111,无妄,110110,兑
768786,0,100100,震,110101,睽
768787,0,100101,噬嗑,110101,睽
768788,0,100100,震,110100,归妹
768789,0,100101,噬嗑,110100,归妹
768796,0,100110,随,110101,睽
768797,0,100111,无妄,110101,睽
768798,0,100110,随,110100,归妹
768799,0,100111,无妄,110100,归妹
768866,0,100000,复,110011,中孚
768867,0,100001,颐,110011,中孚
768868,0,100000,复,110010,节
768869,0,100001,颐,110010,节
768876,0,100010,屯,110011,中孚
768877,0,100011,益,110011,中孚
768878,0,100010,屯,110010,节
768879,0,100011,益,110010,节
768886,0,100000,复,110001,损
768887,0,100001,颐,110001,损
768888,0,100000,复,110000,临
768889,0,100001,颐,110000,临
768896,0,100010,屯,110001,损
768897,0,100011,益,110001,损
768898,0,100010,屯,110000,临
768899,0,100011,益,110000,临
768966,0,100100,震,110011,中孚
768967,0,100101,噬嗑,110011,中孚
768968,0,100100,震,110010,节
768969,0,100101,噬嗑,110010,节
768976,0,100110,随,110011,中孚
768977,0,100111,无妄,110011,中孚
768978,0,100110,随,110010,节
768979,0,100111,无妄,110010,节
768986,0,100100,震,110001,损
768987,0,100101,噬嗑,110001,损
768988,0,100100,震,110000,临
768989,0,100101,噬嗑,110000,临
768996,0,100110,随,110001,损
768997,0,100111,无妄,110001,损
768998,0,100110,随,110000,临
768999,0,100111,无妄,110000,临
769666,0,101000,明夷,110111,履
769667,0,101001,贲,110111,履
769668,0,101000,明夷,110110,兑
769669,0,101001,贲,110110,兑
769676,0,101010,既济,110111,履
769677,0,101011,家人,110111,履
769678,0,101010,既济,110110,兑
769679,0,101011,家人,110110,兑
769686,0,101000,明夷,110101,睽
769687,0,101001,贲,110101,睽
769688,0,101000,明夷,110100,归妹
769689,0,101001,贲,110100,归妹
769696,0,101010,既济,110101,睽
769697,0,101011,家人,110101,睽
769698,0,101010,既济,110100,归妹
769699,0,101011,家人,110100,归妹
769766,0,101100,丰,110111,履
769767,0,101101,离,110111,履
769768,0,101100,丰,110110,兑
769769,0,101101,离,110110,兑
769776,0,101110,革,110111,履
769777,0,101111,同人,110111,履
769778,0,101110,革,110110,兑
769779,0,101111,同人,110110,兑
769786,0,101100,丰,110101,睽
769787,0,101101,离,110101,睽
769788,0,101100,丰,110100,归妹
769789,0,101101,离,110100,归妹
769796,0,101110,革,110101,睽
769797,0,101111,同人,110101,睽
769798,0,101110,革,110100,归妹
769799,0,101111,同人,110100,归妹
769866,0,101000,明夷,110011,中孚
769867,0,101001,贲,110011,中孚
769868,0,101000,明夷,110010,节
769869,0,101001,贲,110010,节
769876,0,101010,既济,110011,中孚
769877,0,101011,家人,110011,中孚
769878,0,101010,既济,110010,节
769879,0,101011,家人,110010,节
769886,0,101000,明夷,110001,损
769887,0,101001,贲,110001,损
769888,0,101000,明夷,110000,临
769889,0,101001,贲,110000,临
769896,0,101010,既济,110001,损
769897,0,101011,家人,110001,损
769898,0,101010,既济,110000,临
769899,0,101011,家人,110000,临
769966,0,101100,丰,110011,中孚
769967,0,101101,离,110011,中孚
769968,0,101100,丰,110010,节
769969,0,101101,离,110010,节
769976,0,101110,革,110011,中孚
769977,0,101111,同人,110011,中孚
769978,0,101110,革,110010,节
769979,0,101111,同人,110010,节
769986,0,101100,丰,110001,损
769987,0,101101,离,110001,损
769988,0,101100,丰,110000,临
769989,0,101101,离,110000,临
769996,0,101110,革,110001,损
769997,0,101111,同人,110001,损
769998,0,101110,革,110000,临
769999,0,101111,同人,110000,临
776666,0,110000,临,111111,乾
776667,0,110001,损,111111,乾
776668,0,110000,临,111110,夬
776669,0,110001,损,111110,夬
776676,0,110010,节,111111,乾
776677,0,110011,中孚,111111,乾
776678,0,110010,节,111110,夬
776679,0,110011,中孚,111110,夬
776686,0,110000,临,111101,大有
776687,0,110001,损,111101,大有
776688,0,110000,临,111100,大壮
776689,0,110001,损,111100,大壮
776696,0,110010,节,111101,大有
776697,0,110011,中孚,111101,大有
776698,0,110010,节,111100,大壮
776699,0,110011,中孚,111100,大壮
776766,0,110100,归妹,111111,乾
776767,0,110101,睽,111111,乾
776768,0,110100,归妹,111110,夬
776769,0,110101,睽,111110,夬
776776,0,110110,兑,111111,乾
776777,0,110111,履,111111,乾
776778,0,110110,兑,111110,夬
776779,0,110111,履,111110,夬
776786,0,110100,归妹,111101,大有
776787,0,110101,睽,111101,大有
776788,0,110100,归妹,111100,大壮
776789,0,110101,睽,111100,大壮
776796,0,110110,兑,111101,大有
776797,0,110111,履,111101,大有
776798,0,110110,兑,111100,大壮
776799,0,110111,履,111100,大壮
776866,0,110000,临,111011,小畜
776867,0,110001,损,111011,小畜
776868,0,110000,临,111010,需
776869,0,110001,损,111010,需
776876,0,110010,节,111011,小畜
776877,0,110011,中孚,111011,小畜
776878,0,110010,节,111010,需
776879,0,110011,中孚,111010,需
776886,0,110000,临,111001,大畜
776887,0,110001,损,111001,大畜
776888,0,110000,临,111000,泰
776889,0,110001,损,111000,泰
776896,0,110010,节,111001,大畜
776897,0,110011,中孚,111001,大畜
776898,0,110010,节,111000,泰
776899,0,110011,中孚,111000,泰
776966,0,110100,归妹,111011,小畜
776967,0,110101,睽,111011,小畜
776968,0,110100,归妹,111010,需
776969,0,110101,睽,111010,需
776976,0,110110,兑,111011,小畜
776977,0,110111,履,111011,小畜
776978,0,110110,兑,111010,需
776979,0,110111,履,111010,需
776986,0,110100,归妹,111001,大畜
776987,0,110101,睽,111001,大畜
776988,0,110100,归妹,111000,泰
776989,0,110101,睽,111000,泰
776996,0,110110,兑,111001,大畜
776997,0,110111,履,111001,大畜
776998,0,110110,兑,111000,泰
776999,0,110111,履,111000,泰
777666,0,111000,泰,111111,乾
777667,0,111001,大畜,111111,乾
777668,0,111000,泰,111110,夬
777669,0,111001,大畜,111110,夬
777676,0,111010,需,111111,乾
777677,0,111011,小畜,111111,乾
777678,0,111010,需,111110,夬
777679,0,111011,小畜,111110,夬
777686,0,111000,泰,111101,大有
777687,0,111001,大畜,111101,大有
777688,0,111000,泰,111100,大壮
777689,0,111001,大畜,111100,大壮
777696,0,111010,需,111101,大有
777697,0,111011,小畜,111101,大有
777698,0,111010,需,111100,大壮
777699,0,111011,小畜,111100,大壮
777766,0,111100,大壮,111111,乾
777767,0,111101,大有,111111,乾
777768,0,111100,大壮,111110,夬
777769,0,111101,大有,111110,夬
777776,0,111110,夬,111111,乾
777777,1,111111,乾,,
777778,0,111110,夬,,
777779,0,111111,乾,111110,夬
777786,0,111100,大壮,111101,大有
777787,0,111101,大有,,
777788,0,111100,大壮,,
777789,0,111101,大有,111100,大壮
777796,0,111110,夬,111101,大有
777797,0,111111,乾,111101,大有
777798,0,111110,夬,111100,大壮
777799,0,111111,乾,111100,大壮
777866,0,111000,泰,111011,小畜
777867,0,111001,大畜,111011,小畜
777868,0,111000,泰,111010,需
777869,0,111001,大畜,111010,需
777876,0,111010,需,111011,小畜
777877,0,111011,小畜,,
777878,0,111010,需,,
777879,0,111011,小畜,111010,需
777886,0,111000,泰,111001,大畜
777887,0,111001,大畜,,
777888,0,111000,泰,,
777889,0,111001,大畜,111000,泰
777896,0,111010,需,111001,大畜
777897,0,111011,小畜,111001,大畜
777898,0,111010,需,111000,泰
777899,0,111011,小畜,111000,泰
777966,0,111100,大壮,111011,小畜
777967,0,111101,大有,111011,小畜
777968,0,111100,大壮,111010,需
777969,0,111101,大有,111010,需
777976,0,111110,夬,111011,小畜
777977,0,111111,乾,111011,小畜
777978,0,111110,夬,111010,需
777979,0,111111,乾,111010,需
777986,0,111100,大壮,111001,大畜
777987,0,111101,大有,111001,大畜
777988,0,111100,大壮,111000,泰
777989,0,111101,大有,111000,泰
777996,0,111110,夬,111001,大畜
777997,0,111111,乾,111001,大畜
777998,0,111110,夬,111000,泰
777999,0,111111,乾,111000,泰
778666,0,110000,临,110111,履
778667,0,110001,损,110111,履
778668,0,110000,临,110110,兑
778669,0,110001,损,110110,兑
778676,0,110010,节,110111,履
778677,0,110011,中孚,110111,履
778678,0,110010,节,110110,兑
778679,0,110011,中孚,110110,兑
778686,0,110000,临,110101,睽
778687,0,110001,损,110101,睽
778688,0,110000,临,110100,归妹
778689,0,110001,损,110100,归妹
778696,0,110010,节,110101,睽
778697,0,110011,中孚,110101,睽
778698,0,110010,节,110100,归妹
778699,0,110011,中孚,110100,归妹
778766,0,110100,归妹,110111,履
778767,0,110101,睽,110111,履
778768,0,110100,归妹,110110,兑
778769,0,110101,睽,110110,兑
778776,0,110110,兑,110111,履
778777,0,110111,履,,
778778,0,110110,兑,,
778779,0,110111,履,110110,兑
778786,0,110100,归妹,110101,睽
778787,0,110101,睽,,
778788,0,110100,归妹,,
778789,0,110101,睽,110100,归妹
778796,0,110110,兑,110101,睽
778797,0,110111,履,110101,睽
778798,0,110110,兑,110100,归妹
778799,0,110111,履,110100,归妹
778866,0,110000,临,110011,中孚
778867,0,110001,损,110011,中孚
778868,0,110000,临,110010,节
778869,0,110001,损,110010,节
778876,0,110010,节,110011,中孚
778877,0,110011,中孚,,
778878,0,110010,节,,
778879,0,110011,中孚,110010,节
778886,0,110000,临,110001,损
778887,0,110001,损,,
778888,0,110000,临,,
778889,0,110001,损,110000,临
778896,0,110010,节,110001,损
778897,0,110011,中孚,110001,损
778898,0,110010,节,110000,临
778899,0,110011,中孚,110000,临
778966,0,110100,归妹,110011,中孚
778967,0,110101,睽,110011,中孚
778968,0,110100,归妹,110010,节
778969,0,110101,睽,110010,节
778976,0,110110,兑,110011,中孚
778977,0,110111,履,110011,中孚
778978,0,110110,兑,110010,节
778979,0,110111,履,110010,节
778986,0,110100,归妹,110001,损
778987,0,110101,睽,110001,损
778988,0,110100,归妹,110000,临
778989,0,110101,睽,110000,临
778996,0,110110,兑,110001,损
778997,0,110111,履,110001,损
778998,0,110110,兑,110000,临
778999,0,110111,履,110000,临
779666,0,111000,泰,110111,履
779667,0,111001,大畜,110111,履
779668,0,111000,泰,110110,兑
779669,0,111001,大畜,110110,兑
779676,0,111010,需,110111,履
779677,0,111011,小畜,110111,履
779678,0,111010,需,110110,兑
779679,0,111011,小畜,110110,兑
779686,0,111000,泰,110101,睽
779687,0,111001,大畜,110101,睽
779688,0,111000,泰,110100,归妹
779689,0,111001,大畜,110100,归妹
779696,0,111010,需,110101,睽
779697,0,111011,小畜,110101,睽
779698,0,111010,需,110100,归妹
779699,0,111011,小畜,110100,归妹
779766,0,111100,大壮,110111,履
779767,0,111101,大有,110111,履
779768,0,111100,大壮,110110,兑
779769,0,111101,大有,110110,兑
779776,0,111110,夬,110111,履
779777,0,111111,乾,110111,履
779778,0,111110,夬,110110,兑
779779,0,111111,乾,110110,兑
779786,0,111100,大壮,110101,睽
779787,0,111101,大有,110101,睽
779788,0,111100,大壮,110100,归妹
779789,0,111101,大有,110100,归妹
779796,0,111110,夬,110101,睽
779797,0,111111,乾,110101,睽
779798,0,111110,夬,110100,归妹
779799,0,111111,乾,110100,归妹
779866,0,111000,泰,110011,中孚
779867,0,111001,大畜,110011,中孚
779868,0,111000,泰,110010,节
779869,0,111001,大畜,110010,节
779876,0,111010,需,110011,中孚
779877,0,111011,小畜,110011,中孚
779878,0,111010,需,110010,节
779879,0,111011,小畜,110010,节
779886,0,111000,泰,110001,损
779887,0,111001,大畜,110001,损
779888,0,111000,泰,110000,临
779889,0,111001,大畜,110000,临
779896,0,111010,需,110001,损
779897,0,111011,小畜,110001,损
779898,0,111010,需,110000,临
779899,0,111011,小畜,110000,临
779966,0,111100,大壮,110011,中孚
779967,0,111101,大有,110011,中孚
779968,0,111100,大壮,110010,节
779969,0,111101,大有,110010,节
779976,0,111110,夬,110011,中孚
779977,0,111111,乾,110011,中孚
779978,0,111110,夬,110010,节
779979,0,111111,乾,110010,节
779986,0,111100,大壮,110001,损
779987,0,111101,大有,110001,损
779988,0,111100,大壮,110000,临
779989,0,111101,大有,110000,临
779996,0,111110,夬,110001,损
779997,0,111111,乾,110001,损
779998,0,111110,夬,110000,临
779999,0,111111,乾,110000,临
786666,0,100000,复,101111,同人
786667,0,100001,颐,101111,同人
786668,0,100000,复,101110,革
786669,0,100001,颐,101110,革
786676,0,100010,屯,101111,同人
786677,0,100011,益,101111,同人
786678,0,100010,屯,101110,革
786679,0,100011,益,101110,革
786686,0,100000,复,101101,离
786687,0,100001,颐,101101,离
786688,0,100000,复,101100,丰
786689,0,100001,颐,101100,丰
786696,0,100010,屯,101101,离
786697,0,100011,益,101101,离
786698,0,100010,屯,101100,丰
786699,0,100011,益,101100,丰
786766,0,100100,震,101111,同人
786767,0,100101,噬嗑,101111,同人
786768,0,100100,震,101110,革
786769,0,100101,噬嗑,101110,革
786776,0,100110,随,101111,同人
786777,0,100111,无妄,101111,同人
786778,0,100110,随,101110,革
786779,0,100111,无妄,101110,革
786786,0,100100,震,101101,离
786787,0,100101,噬嗑,101101,离
786788,0,100100,震,101100,丰
786789,0,100101,噬嗑,101100,丰
786796,0,100110,随,101101,离
786797,0,100111,无妄,101101,离
786798,0,100110,随,101100,丰
786799,0,100111,无妄,101100,丰
786866,0,100000,复,101011,家人
786867,0,100001,颐,101011,家人
786868,0,100000,复,101010,既济
786869,0,100001,颐,101010,既济
786876,0,100010,屯,101011,家人
786877,0,100011,益,101011,家人
786878,0,100010,屯,101010,既济
786879,0,100011,益,101010,既济
786886,0,100000,复,101001,贲
786887,0,100001,颐,101001,贲
786888,0,100000,复,101000,明夷
786889,0,100001,颐,101000,明夷
786896,0,100010,屯,101001,贲
786897,0,100011,益,101001,贲
786898,0,100010,屯,101000,明夷
786899,0,100011,益,101000,明夷
786966,0,100100,震,101011,家人
786967,0,100101,噬嗑,101011,家人
786968,0,100100,震,101010,既济
786969,0,100101,噬嗑,101010,既济
786976,0,100110,随,101011,家人
786977,0,100111,无妄,101011,家人
786978,0,100110,随,101010,既济
786979,0,100111,无妄,101010,既济
786986,0,100100,震,101001,贲
786987,0,100101,噬嗑,101001,贲
786988,0,100100,震,101000,明夷
786989,0,100101,噬嗑,101000,明夷
786996,0,100110,随,101001,贲
786997,0,100111,无妄,101001,贲
786998,0,100110,随,101000,明夷
786999,0,100111,无妄,101000,明夷
787666,0,101000,明夷,101111,同人
787667,0,101001,贲,101111,同人
787668,0,101000,明夷,101110,革
787669,0,101001,贲,101110,革
787676,0,101010,既济,101111,同人
787677,0,101011,家人,101111,同人
787678,0,101010,既济,101110,革
787679,0,101011,家人,101110,革
787686,0,101000,明夷,101101,离
787687,0,101001,贲,101101,离
787688,0,101000,明夷,101100,丰
787689,0,101001,贲,101100,丰
787696,0,101010,既济,101101,离
787697,0,101011,家人,101101,离
787698,0,101010,既济,101100,丰
787699,0,101011,家人,101100,丰
787766,0,101100,丰,101111,同人
787767,0,101101,离,101111,同人
787768,0,101100,丰,101110,革
787769,0,101101,离,101110,革
787776,0,101110,革,101111,同人
787777,0,101111,同人,,
787778,0,101110,革,,
787779,0,101111,同人,101110,革
787786,0,101100,丰,101101,离
787787,0,101101,离,,
787788,0,101100,丰,,
787789,0,101101,离,101100,丰
787796,0,101110,革,101101,离
787797,0,101111,同人,101101,离
787798,0,101110,革,101100,丰
787799,0,101111,同人,101100,丰
787866,0,101000,明夷,101011,家人
787867,0,101001,贲,101011,家人
787868,0,101000,明夷,101010,既济
787869,0,101001,贲,101010,既济
787876,0,101010,既济,101011,家人
787877,0,101011,家人,,
787878,0,101010,既济,,
787879,0,101011,家人,101010,既济
787886,0,101000,明夷,101001,贲
787887,0,101001,贲,,
787888,0,101000,明夷,,
787889,0,101001,贲,101000,明夷
787896,0,101010,既济,101001,贲
787897,0,101011,家人,101001,贲
787898,0,101010,既济,101000,明夷
787899,0,101011,家人,101000,明夷
787966,0,101100,丰,101011,家人
787967,0,101101,离,101011,家人
787968,0,101100,丰,101010,既济
787969,0,101101,离,101010,既济
787976,0,101110,革,101011,家人
787977,0,101111,同人,101011,家人
787978,0,101110,革,101010,既济
787979,0,101111,同人,101010,既济
787986,0,101100,丰,101001,贲
787987,0,101101,离,101001,贲
787988,0,101100,丰,101000,明夷
787989,0,101101,离,101000,明夷
787996,0,101110,革,101001,贲
787997,0,101111,同人,101001,贲
787998,0,101110,革,101000,明夷
787999,0,101111,同人,101000,明夷
788666,0,100000,复,100111,无妄
788667,0,100001,颐,100111,无妄
788668,0,100000,复,100110,随
788669,0,100001,颐,100110,随
788676,0,100010,屯,100111,无妄
788677,0,100011,益,100111,无妄
788678,0,100010,屯,100110,随
788679,0,100011,益,100110,随
788686,0,100000,复,100101,噬嗑
788687,0,100001,颐,100101,噬嗑
788688,0,100000,复,100100,震
788689,0,100001,颐,100100,震
788696,0,100010,屯,100101,噬嗑
788697,0,100011,益,100101,噬嗑
788698,0,100010,屯,100100,震
788699,0,100011,益,100100,震
788766,0,100100,震,100111,无妄
788767,0,100101,噬嗑,100111,无妄
788768,0,100100,震,100110,随
788769,0,100101,噬嗑,100110,随
788776,0,100110,随,100111,无妄
788777,0,100111,无妄,,
788778,0,100110,随,,
788779,0,100111,无妄,100110,随
788786,0,100100,震,100101,噬嗑
788787,0,100101,噬嗑,,
788788,0,100100,震,,
788789,0,100101,噬嗑,100100,震
788796,0,100110,随,100101,噬嗑
788797,0,100111,无妄,100101,噬嗑
788798,0,100110,随,100100,震
788799,0,100111,无妄,100100,震
788866,0,100000,复,100011,益
788867,0,100001,颐,100011,益
788868,0,100000,复,100010,屯
788869,0,100001,颐,100010,屯
788876,0,100010,屯,100011,益
788877,0,100011,益,,
788878,0,100010,屯,,
788879,0,100011,益,100010,屯
788886,0,100000,复,100001,颐
788887,0,100001,颐,,
788888,0,100000,复,,
788889,0,100001,颐,100000,复
788896,0,100010,屯,100001,颐
788897,0,100011,益,100001,颐
788898,0,100010,屯,100000,复
788899,0,100011,益,100000,复
788966,0,100100,震,100011,益
788967,0,100101,噬嗑,100011,益
788968,0,100100,震,100010,屯
788969,0,100101,噬嗑,100010,屯
788976,0,100110,随,100011,益
788977,0,100111,无妄,100011,益
788978,0,100110,随,100010,屯
788979,0,100111,无妄,100010,屯
788986,0,100100,震,100001,颐
788987,0,100101,噬嗑,100001,颐
788988,0,100100,震,100000,复
788989,0,100101,噬嗑,100000,复
788996,0,100110,随,100001,颐
788997,0,100111,无妄,100001,颐
788998,0,100110,随,100000,复
788999,0,100111,无妄,100000,复
789666,0,101000,明夷,100111,无妄
789667,0,101001,贲,100111,无妄
789668,0,101000,明夷,100110,随
789669,0,101001,贲,100110,随
789676,0,101010,既济,100111,无妄
789677,0,101011,家人,100111,无妄
789678,0,101010,既济,100110,随
789679,0,101011,家人,100110,随
789686,0,101000,明夷,100101,噬嗑
789687,0,101001,贲,100101,噬嗑
789688,0,101000,明夷,100100,震
789689,0,101001,贲,100100,震
789696,0,101010,既济,100101,噬嗑
789697,0,101011,家人,100101,噬嗑
789698,0,101010,既济,100100,震
789699,0,101011,家人,100100,震
789766,0,101100,丰,100111,无妄
789767,0,101101,离,100111,无妄
789768,0,101100,丰,100110,随
789769,0,101101,离,100110,随
789776,0,101110,革,100111,无妄
789777,0,101111,同人,100111,无妄
789778,0,101110,革,100110,随
789779,0,101111,同人,100110,随
789786,0,101100,丰,100101,噬嗑
789787,0,101101,离,100101,噬嗑
789788,0,101100,丰,100100,震
789789,0,101101,离,100100,震
789796,0,101110,革,100101,噬嗑
789797,0,101111,同人,100101,噬嗑
789798,0,101110,革,100100,震
789799,0,101111,同人,100100,震
789866,0,101000,明夷,100011,益
789867,0,101001,贲,100011,益
789868,0,101000,明夷,100010,屯
789869,0,101001,贲,100010,屯
789876,0,101010,既济,100011,益
789877,0,101011,家人,100011,益
789878,0,101010,既济,100010,屯
789879,0,101011,家人,100010,屯
789886,0,101000,明夷,100001,颐
789887,0,101001,贲,100001,颐
789888,0,101000,明夷,100000,复
789889,0,101001,贲,100000,复
789896,0,101010,既济,100001,颐
789897,0,101011,家人,100001,颐
789898,0,101010,既济,100000,复
789899,0,101011,家人,100000,复
789966,0,101100,丰,100011,益
789967,0,101101,离,100011,益
789968,0,101100,丰,100010,屯
789969,0,101101,离,100010,屯
789976,0,101110,革,100011,益
789977,0,101111,同人,100011,益
789978,0,101110,革,100010,屯
789979,0,101111,同人,100010,屯
789986,0,101100,丰,100001,颐
789987,0,101101,离,100001,颐
789988,0,101100,丰,100000,复
789989,0,101101,离,100000,复
789996,0,101110,革,100001,颐
789997,0,101111,同人,100001,颐
789998,0,101110,革,100000,复
789999,0,101111,同人,100000,复
796666,0,110000,临,101111,同人
796667,0,110001,损,101111,同人
796668,0,110000,临,101110,革
796669,0,110001,损,101110,革
796676,0,110010,节,101111,同人
796677,0,110011,中孚,101111,同人
796678,0,110010,节,101110,革
796679,0,110011,中孚,101110,革
796686,0,110000,临,101101,离
796687,0,110001,损,101101,离
796688,0,110000,临,101100,丰
796689,0,110001,损,101100,丰
796696,0,110010,节,101101,离
796697,0,110011,中孚,101101,离
796698,0,110010,节,101100,丰
796699,0,110011,中孚,101100,丰
796766,0,110100,归妹,101111,同人
796767,0,110101,睽,101111,同人
796768,0,110100,归妹,101110,革
796769,0,110101,睽,101110,革
796776,0,110110,兑,101111,同人
796777,0,110111,履,101111,同人
796778,0,110110,兑,101110,革
796779,0,110111,履,101110,革
796786,0,110100,归妹,101101,离
796787,0,110101,睽,101101,离
796788,0,110100,归妹,101100,丰
796789,0,110101,睽,101100,丰
796796,0,110110,兑,101101,离
796797,0,110111,履,101101,离
796798,0,110110,兑,101100,丰
796799,0,110111,履,101100,丰
796866,0,110000,临,101011,家人
796867,0,110001,损,101011,家人
796868,0,110000,临,101010,既济
796869,0,110001,损,101010,既济
796876,0,110010,节,101011,家人
796877,0,110011,中孚,101011,家人
796878,0,110010,节,101010,既济
796879,0,110011,中孚,101010,既济
796886,0,110000,临,101001,贲
796887,0,110001,损,101001,贲
796888,0,110000,临,101000,明夷
796889,0,110001,损,101000,明夷
796896,0,110010,节,101001,贲
796897,0,110011,中孚,101001,贲
796898,0,110010,节,101000,明夷
796899,0,110011,中孚,101000,明夷
796966,0,110100,归妹,101011,家人
796967,0,110101,睽,101011,家人
796968,0,110100,归妹,101010,既济
796969,0,110101,睽,101010,既济
796976,0,110110,兑,101011,家人
796977,0,110111,履,101011,家人
796978,0,110110,兑,101010,既济
796979,0,110111,履,101010,既济
796986,0,110100,归妹,101001,贲
796987,0,110101,睽,101001,贲
796988,0,110100,归妹,101000,明夷
796989,0,110101,睽,101000,明夷
796996,0,110110,兑,101001,贲
796997,0,110111,履,101001,贲
796998,0,110110,兑,101000,明夷
796999,0,110111,履,101000,明夷
797666,0,111000,泰,101111,同人
797667,0,111001,大畜,101111,同人
797668,0,111000,泰,101110,革
797669,0,111001,大畜,101110,革
797676,0,111010,需,101111,同人
797677,0,111011,小畜,101111,同人
797678,0,111010,需,101110,革
797679,0,111011,小畜,101110,革
797686,0,111000,泰,101101,离
797687,0,111001,大畜,101101,离
797688,0,111000,泰,101100,丰
797689,0,111001,大畜,101100,丰
797696,0,111010,需,101101,离
797697,0,111011,小畜,101101,离
797698,0,111010,需,101100,丰
797699,0,111011,小畜,101100,丰
797766,0,111100,大壮,101111,同人
797767,0,111101,大有,101111,同人
797768,0,111100,大壮,101110,革
797769,0,111101,大有,101110,革
797776,0,111110,夬,101111,同人
797777,0,111111,乾,101111,同人
797778,0,111110,夬,101110,革
797779,0,111111,乾,101110,革
797786,0,111100,大壮,101101,离
797787,0,111101,大有,101101,离
797788,0,111100,大壮,101100,丰
797789,0,111101,大有,101100,丰
797796,0,111110,夬,101101,离
797797,0,111111,乾,101101,离
797798,0,111110,夬,101100,丰
797799,0,111111,乾,101100,丰
797866,0,111000,泰,101011,家人
797867,0,111001,大畜,101011,家人
797868,0,111000,泰,101010,既济
797869,0,111001,大畜,101010,既济
797876,0,111010,需,101011,家人
797877,0,111011,小畜,101011,家人
797878,0,111010,需,101010,既济
797879,0,111011,小畜,101010,既济
797886,0,111000,泰,101001,贲
797887,0,111001,大畜,101001,贲
797888,0,111000,泰,101000,明夷
797889,0,111001,大畜,101000,明夷
797896,0,111010,需,101001,贲
797897,0,111011,小畜,101001,贲
797898,0,111010,需,101000,明夷
797899,0,111011,小畜,101000,明夷
797966,0,111100,大壮,101011,家人
797967,0,111101,大有,101011,家人
797968,0,111100,大壮,101010,既济
797969,0,111101,大有,101010,既济
797976,0,111110,夬,101011,家人
797977,0,111111,乾,101011,家人
797978,0,111110,夬,101010,既济
797979,0,111111,乾,101010,既济
797986,0,111100,大壮,101001,贲
797987,0,111101,大有,101001,贲
797988,0,111100,大壮,101000,明夷
797989,0,111101,大有,101000,明夷
797996,0,111110,夬,101001,贲
797997,0,111111,乾,101001,贲
797998,0,111110,夬,101000,明夷
797999,0,111111,乾,101000,明夷
798666,0,110000,临,100111,无妄
798667,0,110001,损,100111,无妄
798668,0,110000,临,100110,随
798669,0,110001,损,100110,随
798676,0,110010,节,100111,无妄
798677,0,110011,中孚,100111,无妄
798678,0,110010,节,100110,随
798679,0,110011,中孚,100110,随
798686,0,110000,临,100101,噬嗑
798687,0,110001,损,100101,噬嗑
798688,0,110000,临,100100,震
798689,0,110001,损,100100,震
798696,0,110010,节,100101,噬嗑
798697,0,110011,中孚,100101,噬嗑
798698,0,110010,节,100100,震
798699,0,110011,中孚,100100,震
798766,0,110100,归妹,100111,无妄
798767,0,110101,睽,100111,无妄
798768,0,110100,归妹,100110,随
798769,0,110101,睽,100110,随
798776,0,110110,兑,100111,无妄
798777,0,110111,履,100111,无妄
798778,0,110110,兑,100110,随
798779,0,110111,履,100110,随
798786,0,110100,归妹,100101,噬嗑
798787,0,110101,睽,100101,噬嗑
798788,0,110100,归妹,100100,震
798789,0,110101,睽,100100,震
798796,0,110110,兑,100101,噬嗑
798797,0,110111,履,100101,噬嗑
798798,0,110110,兑,100100,震
798799,0,110111,履,100100,震
798866,0,110000,临,100011,益
798867,0,110001,损,100011,益
798868,0,110000,临,100010,屯
798869,0,110001,损,100010,屯
798876,0,110010,节,100011,益
798877,0,110011,中孚,100011,益
798878,0,110010,节,100010,屯
798879,0,110011,中孚,100010,屯
798886,0,110000,临,100001,颐
798887,0,110001,损,100001,颐
798888,0,110000,临,100000,复
798889,0,110001,损,100000,复
798896,0,110010,节,100001,颐
798897,0,110011,中孚,100001,颐
798898,0,110010,节,100000,复
798899,0,110011,中孚,100000,复
798966,0,110100,归妹,100011,益
798967,0,110101,睽,100011,益
798968,0,110100,归妹,100010,屯
798969,0,110101,睽,100010,屯
798976,0,110110,兑,100011,益
798977,0,110111,履,100011,益
798978,0,110110,兑,100010,屯
798979,0,110111,履,100010,屯
798986,0,110100,归妹,100001,颐
798987,0,110101,睽,100001,颐
798988,0,110100,归妹,100000,复
798989,0,110101,睽,100000,复
798996,0,110110,兑,100001,颐
798997,0,110111,履,100001,颐
798998,0,110110,兑,100000,复
798999,0,110111,履,100000,复
799666,0,111000,泰,100111,无妄
799667,0,111001,大畜,100111,无妄
799668,0,111000,泰,100110,随
799669,0,111001,大畜,100110,随
799676,0,111010,需,100111,无妄
799677,0,111011,小畜,100111,无妄
799678,0,111010,需,100110,随
799679,0,111011,小畜,100110,随
799686,0,111000,泰,100101,噬嗑
799687,0,111001,大畜,100101,噬嗑
799688,0,111000,泰,100100,震
799689,0,111001,大畜,100100,震
799696,0,111010,需,100101,噬嗑
799697,0,111011,小畜,100101,噬嗑
799698,0,111010,需,100100,震
799699,0,111011,小畜,100100,震
799766,0,111100,大壮,100111,无妄
799767,0,111101,大有,100111,无妄
799768,0,111100,大壮,100110,随
799769,0,111101,大有,100110,随
799776,0,111110,夬,100111,无妄
799777,0,111111,乾,100111,无妄
799778,0,111110,夬,100110,随
799779,0,111111,乾,100110,随
799786,0,111100,大壮,100101,噬嗑
799787,0,111101,大有,100101,噬嗑
799788,0,111100,大壮,100100,震
799789,0,111101,大有,100100,震
799796,0,111110,夬,100101,噬嗑
799797,0,111111,乾,100101,噬嗑
799798,0,111110,夬,100100,震
799799,0,111111,乾,100100,震
799866,0,111000,泰,100011,益
799867,0,111001,大畜,100011,益
799868,0,111000,泰,100010,屯
799869,0,111001,大畜,100010,屯
799876,0,111010,需,100011,益
799877,0,111011,小畜,100011,益
799878,0,111010,需,100010,屯
799879,0,111011,小畜,100010,屯
799886,0,111000,泰,100001,颐
799887,0,111001,大畜,100001,颐
799888,0,111000,泰,100000,复
799889,0,111001,大畜,100000,复
799896,0,111010,需,100001,颐
799897,0,111011,小畜,100001,颐
799898,0,111010,需,100000,复
799899,0,111011,小畜,100000,复
799966,0,111100,大壮,100011,益
799967,0,111101,大有,100011,益
799968,0,111100,大壮,100010,屯
799969,0,111101,大有,100010,屯
799976,0,111110,夬,100011,益
799977,0,111111,乾,100011,益
799978,0,111110,夬,100010,屯
799979,0,111111,乾,100010,屯
799986,0,111100,大壮,100001,颐
799987,0,111101,大有,100001,颐
799988,0,111100,大壮,100000,复
799989,0,111101,大有,100000,复
799996,0,111110,夬,100001,颐
799997,0,111111,乾,100001,颐
799998,0,111110,夬,100000,复
799999,0,111111,乾,100000,复
866666,0,000000,坤,011111,姤
866667,0,000001,剥,011111,姤
866668,0,000000,坤,011110,大过
866669,0,000001,剥,011110,大过
866676,0,000010,比,011111,姤
866677,0,000011,观,011111,姤
866678,0,000010,比,011110,大过
866679,0,000011,观,011110,大过
866686,0,000000,坤,011101,鼎
866687,0,000001,剥,011101,鼎
866688,0,000000,坤,011100,恒
866689,0,000001,剥,011100,恒
866696,0,000010,比,011101,鼎
866697,0,000011,观,011101,鼎
866698,0,000010,比,011100,恒
866699,0,000011,观,011100,恒
866766,0,000100,豫,011111,姤
866767,0,000101,晋,011111,姤
866768,0,000100,豫,011110,大过
866769,0,000101,晋,011110,大过
866776,0,000110,萃,011111,姤
866777,0,000111,否,011111,姤
866778,0,000110,萃,011110,大过
866779,0,000111,否,011110,大过
866786,0,000100,豫,011101,鼎
866787,0,000101,晋,011101,鼎
866788,0,000100,豫,011100,恒
866789,0,000101,晋,011100,恒
866796,0,000110,萃,011101,鼎
866797,0,000111,否,011101,鼎
866798,0,000110,萃,011100,恒
866799,0,000111,否,011100,恒
866866,0,000000,坤,011011,巽
866867,0,000001,剥,011011,巽
866868,0,000000,坤,011010,井
866869,0,000001,剥,011010,井
866876,0,000010,比,011011,巽
866877,0,000011,观,011011,巽
866878,0,000010,比,011010,井
866879,0,000011,观,011010,井
866886,0,000000,坤,011001,蛊
866887,0,000001,剥,011001,蛊
866888,0,000000,坤,011000,升
866889,0,000001,剥,011000,升
866896,0,000010,比,011001,蛊
866897,0,000011,观,011001,蛊
866898,0,000010,比,011000,升
866899,0,000011,观,011000,升
866966,0,000100,豫,011011,巽
866967,0,000101,晋,011011,巽
866968,0,000100,豫,011010,井
866969,0,000101,晋,011010,井
866976,0,000110,萃,011011,巽
866977,0,000111,否,011011,巽
866978,0,000110,萃,011010,井
866979,0,000111,否,011010,井
866986,0,000100,豫,011001,蛊
866987,0,000101,晋,011001,蛊
866988,0,000100,豫,011000,升
866989,0,000101,晋,011000,升
866996,0,000110,萃,011001,蛊
866997,0,000111,否,011001,蛊
866998,0,000110,萃,011000,升
866999,0,000111,否,011000,升
867666,0,001000,谦,011111,姤
867667,0,001001,艮,011111,姤
867668,0,001000,谦,011110,大过
867669,0,001001,艮,011110,大过
867676,0,001010,蹇,011111,姤
867677,0,001011,渐,011111,姤
867678,0,001010,蹇,011110,大过
867679,0,001011,渐,011110,大过
867686,0,001000,谦,011101,鼎
867687,0,001001,艮,011101,鼎
867688,0,001000,谦,011100,恒
867689,0,001001,艮,011100,恒
867696,0,001010,蹇,011101,鼎
867697,0,001011,渐,011101,鼎
867698,0,001010,蹇,011100,恒
867699,0,001011,渐,011100,恒
867766,0,001100,小过,011111,姤
867767,0,001101,旅,011111,姤
867768,0,001100,小过,011110,大过
867769,0,001101,旅,011110,大过
867776,0,001110,咸,011111,姤
867777,0,001111,遁,011111,姤
867778,0,001110,咸,011110,大过
867779,0,001111,遁,011110,大过
867786,0,001100,小过,011101,鼎
867787,0,001101,旅,011101,鼎
867788,0,001100,小过,011100,恒
867789,0,001101,旅,011100,恒
867796,0,001110,咸,011101,鼎
867797,0,001111,遁,011101,鼎
867798,0,001110,咸,011100,恒
867799,0,001111,遁,011100,恒
867866,0,001000,谦,011011,巽
867867,0,001001,艮,011011,巽
867868,0,001000,谦,011010,井
867869,0,001001,艮,011010,井
867876,0,001010,蹇,011011,巽
867877,0,001011,渐,011011,巽
867878,0,001010,蹇,011010,井
867879,0,001011,渐,011010,井
867886,0,001000,谦,011001,蛊
867887,0,001001,艮,011001,蛊
867888,0,001000,谦,011000,升
867889,0,001001,艮,011000,升
867896,0,001010,蹇,011001,蛊
867897,0,001011,渐,011001,蛊
867898,0,001010,蹇,011000,升
867899,0,001011,渐,011000,升
867966,0,001100,小过,011011,巽
867967,0,001101,旅,011011,巽
867968,0,001100,小过,011010,井
867969,0,001101,旅,011010,井
867976,0,001110,咸,011011,巽
867977,0,001111,遁,011011,巽
867978,0,001110,咸,011010,井
867979,0,001111,遁,011010,井
867986,0,001100,小过,011001,蛊
867987,0,001101,旅,011001,蛊
867988,0,001100,小过,011000,升
867989,0,001101,旅,011000,升
867996,0,001110,咸,011001,蛊
867997,0,001111,遁,011001,蛊
867998,0,001110,咸,011000,升
867999,0,001111,遁,011000,升
868666,0,000000,坤,010111,讼
868667,0,000001,剥,010111,讼
868668,0,000000,坤,010110,困
868669,0,000001,剥,010110,困
868676,0,000010,比,010111,讼
868677,0,000011,观,010111,讼
868678,0,000010,比,010110,困
868679,0,000011,观,010110,困
868686,0,000000,坤,010101,未济
868687,0,000001,剥,010101,未济
868688,0,000000,坤,010100,解
868689,0,000001,剥,010100,解
868696,0,000010,比,010101,未济
868697,0,000011,观,010101,未济
868698,0,000010,比,010100,解
868699,0,000011,观,010100,解
868766,0,000100,豫,010111,讼
868767,0,000101,晋,010111,讼
868768,0,000100,豫,010110,困
868769,0,000101,晋,010110,困
868776,0,000110,萃,010111,讼
868777,0,000111,否,010111,讼
868778,0,000110,萃,010110,困
868779,0,000111,否,010110,困
868786,0,000100,豫,010101,未济
868787,0,000101,晋,010101,未济
868788,0,000100,豫,010100,解
868789,0,000101,晋,010100,解
868796,0,000110,萃,010101,未济
868797,0,000111,否,010101,未济
868798,0,000110,萃,010100,解
868799,0,000111,否,010100,解
868866,0,000000,坤,010011,涣
868867,0,000001,剥,010011,涣
868868,0,000000,坤,010010,坎
868869,0,000001,剥,010010,坎
868876,0,000010,比,010011,涣
868877,0,000011,观,010011,涣
868878,0,000010,比,010010,坎
868879,0,000011,观,010010,坎
868886,0,000000,坤,010001,蒙
868887,0,000001,剥,010001,蒙
868888,0,000000,坤,010000,师
868889,0,000001,剥,010000,师
868896,0,000010,比,010001,蒙
868897,0,000011,观,010001,蒙
868898,0,000010,比,010000,师
868899,0,000011,观,010000,师
868966,0,000100,豫,010011,涣
868967,0,000101,晋,010011,涣
868968,0,000100,豫,010010,坎
868969,0,000101,晋,010010,坎
868976,0,000110,萃,010011,涣
868977,0,000111,否,010011,涣
868978,0,000110,萃,010010,坎
868979,0,000111,否,010010,坎
868986,0,000100,豫,010001,蒙
868987,0,000101,晋,010001,蒙
868988,0,000100,豫,010000,师
868989,0,000101,晋,010000,师
868996,0,000110,萃,010001,蒙
868997,0,000111,否,010001,蒙
868998,0,000110,萃,010000,师
868999,0,000111,否,010000,师
869666,0,001000,谦,010111,讼
869667,0,001001,艮,010111,讼
869668,0,001000,谦,010110,困
869669,0,001001,艮,010110,困
869676,0,001010,蹇,010111,讼
869677,0,001011,渐,010111,讼
869678,0,001010,蹇,010110,困
869679,0,001011,渐,010110,困
869686,0,001000,谦,010101,未济
869687,0,001001,艮,010101,未济
869688,0,001000,谦,010100,解
869689,0,001001,艮,010100,解
869696,0,001010,蹇,010101,未济
869697,0,001011,渐,010101,未济
869698,0,001010,蹇,010100,解
869699,0,001011,渐,010100,解
869766,0,001100,小过,010111,讼
869767,0,001101,旅,010111,讼
869768,0,001100,小过,010110,困
869769,0,001101,旅,010110,困
869776,0,001110,咸,010111,讼
869777,0,001111,遁,010111,讼
869778,0,001110,咸,010110,困
869779,0,001111,遁,010110,困
869786,0,001100,小过,010101,未济
869787,0,001101,旅,010101,未济
869788,0,001100,小过,010100,解
869789,0,001101,旅,010100,解
869796,0,001110,咸,010101,未济
869797,0,001111,遁,010101,未济
869798,0,001110,咸,010100,解
869799,0,001111,遁,010100,解
869866,0,001000,谦,010011,涣
869867,0,001001,艮,010011,涣
869868,0,001000,谦,010010,坎
869869,0,001001,艮,010010,坎
869876,0,001010,蹇,010011,涣
869877,0,001011,渐,010011,涣
869878,0,001010,蹇,010010,坎
869879,0,001011,渐,010010,坎
869886,0,001000,谦,010001,蒙
869887,0,001001,艮,010001,蒙
869888,0,001000,谦,010000,师
869889,0,001001,艮,010000,师
869896,0,001010,蹇,010001,蒙
869897,0,001011,渐,010001,蒙
869898,0,001010,蹇,010000,师
869899,0,001011,渐,010000,师
869966,0,001100,小过,010011,涣
869967,0,001101,旅,010011,涣
869968,0,001100,小过,010010,坎
869969,0,001101,旅,010010,坎
869976,0,001110,咸,010011,涣
869977,0,001111,遁,010011,涣
869978,0,001110,咸,010010,坎
869979,0,001111,遁,010010,坎
869986,0,001100,小过,010001,蒙
869987,0,001101,旅,010001,蒙
869988,0,001100,小过,010000,师
869989,0,001101,旅,010000,师
869996,0,001110,咸,010001,蒙
869997,0,001111,遁,010001,蒙
869998,0,001110,咸,010000,师
869999,0,001111,遁,010000,师
876666,0,010000,师,011111,姤
876667,0,010001,蒙,011111,姤
876668,0,010000,师,011110,大过
876669,0,010001,蒙,011110,大过
876676,0,010010,坎,011111,姤
876677,0,010011,涣,011111,姤
876678,0,010010,坎,011110,大过
876679,0,010011,涣,011110,大过
876686,0,010000,师,011101,鼎
876687,0,010001,蒙,011101,鼎
876688,0,010000,师,011100,恒
876689,0,010001,蒙,011100,恒
876696,0,010010,坎,011101,鼎
876697,0,010011,涣,011101,鼎
876698,0,010010,坎,011100,恒
876699,0,010011,涣,011100,恒
876766,0,010100,解,011111,姤
876767,0,010101,未济,011111,姤
876768,0,010100,解,011110,大过
876769,0,010101,未济,011110,大过
876776,0,010110,困,011111,姤
876777,0,010111,讼,011111,姤
876778,0,010110,困,011110,大过
876779,0,010111,讼,011110,大过
876786,0,010100,解,011101,鼎
876787,0,010101,未济,011101,鼎
876788,0,010100,解,011100,恒
876789,0,010101,未济,011100,恒
876796,0,010110,困,011101,鼎
876797,0,010111,讼,011101,鼎
876798,0,010110,困,011100,恒
876799,0,010111,讼,011100,恒
876866,0,010000,师,011011,巽
876867,0,010001,蒙,011011,巽
876868,0,010000,师,011010,井
876869,0,010001,蒙,011010,井
876876,0,010010,坎,011011,巽
876877,0,010011,涣,011011,巽
876878,0,010010,坎,011010,井
876879,0,010011,涣,011010,井
876886,0,010000,师,011001,蛊
876887,0,010001,蒙,011001,蛊
876888,0,010000,师,011000,升
876889,0,010001,蒙,011000,升
876896,0,010010,坎,011001,蛊
876897,0,010011,涣,011001,蛊
876898,0,010010,坎,011000,升
876899,0,010011,涣,011000,升
876966,0,010100,解,011011,巽
876967,0,010101,未济,011011,巽
876968,0,010100,解,011010,井
876969,0,010101,未济,011010,井
876976,0,010110,困,011011,巽
876977,0,010111,讼,011011,巽
876978,0,010110,困,011010,井
876979,0,010111,讼,011010,井
876986,0,010100,解,011001,蛊
876987,0,010101,未济,011001,蛊
876988,0,010100,解,011000,升
876989,0,010101,未济,011000,升
876996,0,010110,困,011001,蛊
876997,0,010111,讼,011001,蛊
876998,0,010110,困,011000,升
876999,0,010111,讼,011000,升
877666,0,011000,升,011111,姤
877667,0,011001,蛊,011111,姤
877668,0,011000,升,011110,大过
877669,0,011001,蛊,011110,大过
877676,0,011010,井,011111,姤
877677,0,011011,巽,011111,姤
877678,0,011010,井,011110,大过
877679,0,011011,巽,011110,大过
877686,0,011000,升,011101,鼎
877687,0,011001,蛊,011101,鼎
877688,0,011000,升,011100,恒
877689,0,011001,蛊,011100,恒
877696,0,011010,井,011101,鼎
877697,0,011011,巽,011101,鼎
877698,0,011010,井,011100,恒
877699,0,011011,巽,011100,恒
877766,0,011100,恒,011111,姤
877767,0,011101,鼎,011111,姤
877768,0,011100,恒,011110,大过
877769,0,011101,鼎,011110,大过
877776,0,011110,大过,011111,姤
877777,0,011111,姤,,
877778,0,011110,大过,,
877779,0,011111,姤,011110,大过
877786,0,011100,恒,011101,鼎
877787,0,011101,鼎,,
877788,0,011100,恒,,
877789,0,011101,鼎,011100,恒
877796,0,011110,大过,011101,鼎
877797,0,011111,姤,011101,鼎
877798,0,011110,大过,011100,恒
877799,0,011111,姤,011100,恒
877866,0,011000,升,011011,巽
877867,0,011001,蛊,011011,巽
877868,0,011000,升,011010,井
877869,0,011001,蛊,011010,井
877876,0,011010,井,011011,巽
877877,0,011011,巽,,
877878,0,011010,井,,
877879,0,011011,巽,011010,井
877886,0,011000,升,011001,蛊
877887,0,011001,蛊,,
877888,0,011000,升,,
877889,0,011001,蛊,011000,升
877896,0,011010,井,011001,蛊
877897,0,011011,巽,011001,蛊
877898,0,011010,井,011000,升
877899,0,011011,巽,011000,升
877966,0,011100,恒,011011,巽
877967,0,011101,鼎,011011,巽
877968,0,011100,恒,011010,井
877969,0,011101,鼎,011010,井
877976,0,011110,大过,011011,巽
877977,0,011111,姤,011011,巽
877978,0,011110,大过,011010,井
877979,0,011111,姤,011010,井
877986,0,011100,恒,011001,蛊
877987,0,011101,鼎,011001,蛊
877988,0,011100,恒,011000,升
877989,0,011101,鼎,011000,升
877996,0,011110,大过,011001,蛊
877997,0,011111,姤,011001,蛊
877998,0,011110,大过,011000,升
877999,0,011111,姤,011000,升
878666,0,010000,师,010111,讼
878667,0,010001,蒙,010111,讼
878668,0,010000,师,010110,困
878669,0,010001,蒙,010110,困
878676,0,010010,坎,010111,讼
878677,0,010011,涣,010111,讼
878678,0,010010,坎,010110,困
878679,0,010011,涣,010110,困
878686,0,010000,师,010101,未济
878687,0,010001,蒙,010101,未济
878688,0,010000,师,010100,解
878689,0,010001,蒙,010100,解
878696,0,010010,坎,010101,未济
878697,0,010011,涣,010101,未济
878698,0,010010,坎,010100,解
878699,0,010011,涣,010100,解
878766,0,010100,解,010111,讼
878767,0,010101,未济,010111,讼
878768,0,010100,解,010110,困
878769,0,010101,未济,010110,困
878776,0,010110,困,010111,讼
878777,0,010111,讼,,
878778,0,010110,困,,
878779,0,010111,讼,010110,困
878786,0,010100,解,010101,未济
878787,0,010101,未济,,
878788,0,010100,解,,
878789,0,010101,未济,010100,解
878796,0,010110,困,010101,未济
878797,0,010111,讼,010101,未济
878798,0,010110,困,010100,解
878799,0,010111,讼,010100,解
878866,0,010000,师,010011,涣
878867,0,010001,蒙,010011,涣
878868,0,010000,师,010010,坎
878869,0,010001,蒙,010010,坎
878876,0,010010,坎,010011,涣
878877,0,010011,涣,,
878878,0,010010,坎,,
878879,0,010011,涣,010010,坎
878886,0,010000,师,010001,蒙
878887,0,010001,蒙,,
878888,0,010000,师,,
878889,0,010001,蒙,010000,师
878896,0,010010,坎,010001,蒙
878897,0,010011,涣,010001,蒙
878898,0,010010,坎,010000,师
878899,0,010011,涣,010000,师
878966,0,010100,解,010011,涣
878967,0,010101,未济,010011,涣
878968,0,010100,解,010010,坎
878969,0,010101,未济,010010,坎
878976,0,010110,困,010011,涣
878977,0,010111,讼,010011,涣
878978,0,010110,困,010010,坎
878979,0,010111,讼,010010,坎
878986,0,010100,解,010001,蒙
878987,0,010101,未济,010001,蒙
878988,0,010100,解,010000,师
878989,0,010101,未济,010000,师
878996,0,010110,困,010001,蒙
878997,0,010111,讼,010001,蒙
878998,0,010110,困,010000,师
878999,0,010111,讼,010000,师
879666,0,011000,升,010111,讼
879667,0,011001,蛊,010111,讼
879668,0,011000,升,010110,困
879669,0,011001,蛊,010110,困
879676,0,011010,井,010111,讼
879677,0,011011,巽,010111,讼
879678,0,011010,井,010110,困
879679,0,011011,巽,010110,困
879686,0,011000,升,010101,未济
879687,0,011001,蛊,010101,未济
879688,0,011000,升,010100,解
879689,0,011001,蛊,010100,解
879696,0,011010,井,010101,未济
879697,0,011011,巽,010101,未济
879698,0,011010,井,010100,解
879699,0,011011,巽,010100,解
879766,0,011100,恒,010111,讼
879767,0,011101,鼎,010111,讼
879768,0,011100,恒,010110,困
879769,0,011101,鼎,010110,困
879776,0,011110,大过,010111,讼
879777,0,011111,姤,010111,讼
879778,0,011110,大过,010110,困
879779,0,011111,姤,010110,困
879786,0,011100,恒,010101,未济
879787,0,011101,鼎,010101,未济
879788,0,011100,恒,010100,解
879789,0,011101,鼎,010100,解
879796,0,011110,大过,010101,未济
879797,0,011111,姤,010101,未济
879798,0,011110,大过,010100,解
879799,0,011111,姤,010100,解
879866,0,011000,升,010011,涣
879867,0,011001,蛊,010011,涣
879868,0,011000,升,010010,坎
879869,0,011001,蛊,010010,坎
879876,0,011010,井,010011,涣
879877,0,011011,巽,010011,涣
879878,0,011010,井,010010,坎
879879,0,011011,巽,010010,坎
879886,0,011000,升,010001,蒙
879887,0,011001,蛊,010001,蒙
879888,0,011000,升,010000,师
879889,0,011001,蛊,010000,师
879896,0,011010,井,010001,蒙
879897,0,011011,巽,010001,蒙
879898,0,011010,井,010000,师
879899,0,011011,巽,010000,师
879966,0,011100,恒,010011,涣
879967,0,011101,鼎,010011,涣
879968,0,011100,恒,010010,坎
879969,0,011101,鼎,010010,坎
879976,0,011110,大过,010011,涣
879977,0,011111,姤,010011,涣
879978,0,011110,大过,010010,坎
879979,0,011111,姤,010010,坎
879986,0,011100,恒,010001,蒙
879987,0,011101,鼎,010001,蒙
879988,0,011100,恒,010000,师
879989,0,011101,鼎,010000,师
879996,0,011110,大过,010001,蒙
879997,0,011111,姤,010001,蒙
879998,0,011110,大过,010000,师
879999,0,011111,姤,010000,师
886666,0,000000,坤,001111,遁
886667,0,000001,剥,001111,遁
886668,0,000000,坤,001110,咸
886669,0,000001,剥,001110,咸
886676,0,000010,比,001111,遁
886677,0,000011,观,001111,遁
886678,0,000010,比,001110,咸
886679,0,000011,观,001110,咸
886686,0,000000,坤,001101,旅
886687,0,000001,剥,001101,旅
886688,0,000000,坤,001100,小过
886689,0,000001,剥,001100,小过
886696,0,000010,比,001101,旅
886697,0,000011,观,001101,旅
886698,0,000010,比,001100,小过
886699,0,000011,观,001100,小过
886766,0,000100,豫,001111,遁
886767,0,000101,晋,001111,遁
886768,0,000100,豫,001110,咸
886769,0,000101,晋,001110,咸
886776,0,000110,萃,001111,遁
886777,0,000111,否,001111,遁
886778,0,000110,萃,001110,咸
886779,0,000111,否,001110,咸
886786,0,000100,豫,001101,旅
886787,0,000101,晋,001101,旅
886788,0,000100,豫,001100,小过
886789,0,000101,晋,001100,小过
886796,0,000110,萃,001101,旅
886797,0,000111,否,001101,旅
886798,0,000110,萃,001100,小过
886799,0,000111,否,001100,小过
886866,0,000000,坤,001011,渐
886867,0,000001,剥,001011,渐
886868,0,000000,坤,001010,蹇
886869,0,000001,剥,001010,蹇
886876,0,000010,比,001011,渐
886877,0,000011,观,001011,渐
886878,0,000010,比,001010,蹇
886879,0,000011,观,001010,蹇
886886,0,000000,坤,001001,艮
886887,0,000001,剥,001001,艮
886888,0,000000,坤,001000,谦
886889,0,000001,剥,001000,谦
886896,0,000010,比,001001,艮
886897,0,000011,观,001001,艮
886898,0,000010,比,001000,谦
886899,0,000011,观,001000,谦
886966,0,000100,豫,001011,渐
886967,0,000101,晋,001011,渐
886968,0,000100,豫,001010,蹇
886969,0,000101,晋,001010,蹇
886976,0,000110,萃,001011,渐
886977,0,000111,否,001011,渐
886978,0,000110,萃,001010,蹇
886979,0,000111,否,001010,蹇
886986,0,000100,豫,001001,艮
886987,0,000101,晋,001001,艮
886988,0,000100,豫,001000,谦
886989,0,000101,晋,001000,谦
886996,0,000110,萃,001001,艮
886997,0,000111,否,001001,艮
886998,0,000110,萃,001000,谦
886999,0,000111,否,001000,谦
887666,0,001000,谦,001111,遁
887667,0,001001,艮,001111,遁
887668,0,001000,谦,001110,咸
887669,0,001001,艮,001110,咸
887676,0,001010,蹇,001111,遁
887677,0,001011,渐,001111,遁
887678,0,001010,蹇,001110,咸
887679,0,001011,渐,001110,咸
887686,0,001000,谦,001101,旅
887687,0,001001,艮,001101,旅
887688,0,001000,谦,001100,小过
887689,0,001001,艮,001100,小过
887696,0,001010,蹇,001101,旅
887697,0,001011,渐,001101,旅
887698,0,001010,蹇,001100,小过
887699,0,001011,渐,001100,小过
887766,0,001100,小过,001111,遁
887767,0,001101,旅,001111,遁
887768,0,001100,小过,001110,咸
887769,0,001101,旅,001110,咸
887776,0,001110,咸,001111,遁
887777,0,001111,遁,,
887778,0,001110,咸,,
887779,0,001111,遁,001110,咸
887786,0,001100,小过,001101,旅
887787,0,001101,旅,,
887788,0,001100,小过,,
887789,0,001101,旅,001100,小过
887796,0,001110,咸,001101,旅
887797,0,001111,遁,001101,旅
887798,0,001110,咸,001100,小过
887799,0,001111,遁,001100,小过
887866,0,001000,谦,001011,渐
887867,0,001001,艮,001011,渐
887868,0,001000,谦,001010,蹇
887869,0,001001,艮,001010,蹇
887876,0,001010,蹇,001011,渐
887877,1,001011,渐,,
887878,0,001010,蹇,,
887879,0,001011,渐,001010,蹇
887886,0,001000,谦,001001,艮
887887,0,001001,艮,,
887888,0,001000,谦,,
887889,0,001001,艮,001000,谦
887896,0,001010,蹇,001001,艮
887897,0,001011,渐,001001,艮
887898,0,001010,蹇,001000,谦
887899,0,001011,渐,001000,谦
887966,0,001100,小过,001011,渐
887967,0,001101,旅,001011,渐
887968,0,001100,小过,001010,蹇
887969,0,001101,旅,001010,蹇
887976,0,001110,咸,001011,渐
887977,0,001111,遁,001011,渐
887978,0,001110,咸,001010,蹇
887979,0,001111,遁,001010,蹇
887986,0,001100,小过,001001,艮
887987,0,001101,旅,001001,艮
887988,0,001100,小过,001000,谦
887989,0,001101,旅,001000,谦
887996,0,001110,咸,001001,艮
887997,0,001111,遁,001001,艮
887998,0,001110,咸,001000,谦
887999,0,001111,遁,001000,谦
888666,0,000000,坤,000111,否
888667,0,000001,剥,000111,否
888668,0,000000,坤,000110,萃
888669,0,000001,剥,000110,萃
888676,0,000010,比,000111,否
888677,0,000011,观,000111,否
888678,0,000010,比,000110,萃
888679,0,000011,观,000110,萃
888686,0,000000,坤,000101,晋
888687,0,000001,剥,000101,晋
888688,0,000000,坤,000100,豫
888689,0,000001,剥,000100,豫
888696,0,000010,比,000101,晋
888697,0,000011,观,000101,晋
888698,0,000010,比,000100,豫
888699,0,000011,观,000100,豫
888766,0,000100,豫,000111,否
888767,0,000101,晋,000111,否
888768,0,000100,豫,000110,萃
888769,0,000101,晋,000110,萃
888776,0,000110,萃,000111,否
888777,0,000111,否,,
888778,0,000110,萃,,
888779,0,000111,否,000110,萃
888786,0,000100,豫,000101,晋
888787,0,000101,晋,,
888788,0,000100,豫,,
888789,0,000101,晋,000100,豫
888796,0,000110,萃,000101,晋
888797,0,000111,否,000101,晋
888798,0,000110,萃,000100,豫
888799,0,000111,否,000100,豫
888866,0,000000,坤,000011,观
888867,0,000001,剥,000011,观
888868,0,000000,坤,000010,比
888869,0,000001,剥,000010,比
888876,0,000010,比,000011,观
888877,0,000011,观,,
888878,0,000010,比,,
888879,0,000011,观,000010,比
888886,0,000000,坤,000001,剥
888887,0,000001,剥,,
888888,0,000000,坤,,
888889,0,000001,剥,000000,坤
888896,0,000010,比,000001,剥
888897,0,000011,观,000001,剥
888898,0,000010,比,000000,坤
888899,0,000011,观,000000,坤
888966,0,000100,豫,000011,观
888967,0,000101,晋,000011,观
888968,0,000100,豫,000010,比
888969,0,000101,晋,000010,比
888976,0,000110,萃,000011,观
888977,0,000111,否,000011,观
888978,0,000110,萃,000010,比
888979,0,000111,否,000010,比
888986,0,000100,豫,000001,剥
888987,0,000101,晋,000001,剥
888988,0,000100,豫,000000,坤
888989,0,000101,晋,000000,坤
888996,0,000110,萃,000001,剥
888997,0,000111,否,000001,剥
888998,0,000110,萃,000000,坤
888999,0,000111,否,000000,坤
889666,0,001000,谦,000111,否
889667,0,001001,艮,000111,否
889668,0,001000,谦,000110,萃
889669,0,001001,艮,000110,萃
889676,0,001010,蹇,000111,否
889677,0,001011,渐,000111,否
889678,0,001010,蹇,000110,萃
889679,0,001011,渐,000110,萃
889686,0,001000,谦,000101,晋
889687,0,001001,艮,000101,晋
889688,0,001000,谦,000100,豫
889689,0,001001,艮,000100,豫
889696,0,001010,蹇,000101,晋
889697,0,001011,渐,000101,晋
889698,0,001010,蹇,000100,豫
889699,0,001011,渐,000100,豫
889766,0,001100,小过,000111,否
889767,0,001101,旅,000111,否
889768,0,001100,小过,000110,萃
889769,0,001101,旅,000110,萃
889776,0,001110,咸,000111,否
889777,0,001111,遁,000111,否
889778,0,001110,咸,000110,萃
889779,0,001111,遁,000110,萃
889786,0,001100,小过,000101,晋
889787,0,001101,旅,000101,晋
889788,0,001100,小过,000100,豫
889789,0,001101,旅,000100,豫
889796,0,001110,咸,000101,晋
889797,0,001111,遁,000101,晋
889798,0,001110,咸,000100,豫
889799,0,001111,遁,000100,豫
889866,0,001000,谦,000011,观
889867,0,001001,艮,000011,观
889868,0,001000,谦,000010,比
889869,0,001001,艮,000010,比
889876,0,001010,蹇,000011,观
889877,0,001011,渐,000011,观
889878,0,001010,蹇,000010,比
889879,0,001011,渐,000010,比
889886,0,001000,谦,000001,剥
889887,0,001001,艮,000001,剥
889888,0,001000,谦,000000,坤
889889,0,001001,艮,000000,坤
889896,0,001010,蹇,000001,剥
889897,0,001011,渐,000001,剥
889898,0,001010,蹇,000000,坤
889899,0,001011,渐,000000,坤
889966,0,001100,小过,000011,观
889967,0,001101,旅,000011,观
889968,0,001100,小过,000010,比
889969,0,001101,旅,000010,比
889976,0,001110,咸,000011,观
889977,0,001111,遁,000011,观
889978,0,001110,咸,000010,比
889979,0,001111,遁,000010,比
889986,0,001100,小过,000001,剥
889987,0,001101,旅,000001,剥
889988,0,001100,小过,000000,坤
889989,0,001101,旅,000000,坤
889996,0,001110,咸,000001,剥
889997,0,001111,遁,000001,剥
889998,0,001110,咸,000000,坤
889999,0,001111,遁,000000,坤
896666,0,010000,师,001111,遁
896667,0,010001,蒙,001111,遁
896668,0,010000,师,001110,咸
896669,0,010001,蒙,001110,咸
896676,0,010010,坎,001111,遁
896677,0,010011,涣,001111,遁
896678,0,010010,坎,001110,咸
896679,0,010011,涣,001110,咸
896686,0,010000,师,001101,旅
896687,0,010001,蒙,001101,旅
896688,0,010000,师,001100,小过
896689,0,010001,蒙,001100,小过
896696,0,010010,坎,001101,旅
896697,0,010011,涣,001101,旅
896698,0,010010,坎,001100,小过
896699,0,010011,涣,001100,小过
896766,0,010100,解,001111,遁
896767,0,010101,未济,001111,遁
896768,0,010100,解,001110,咸
896769,0,010101,未济,001110,咸
896776,0,010110,困,001111,遁
896777,0,010111,讼,001111,遁
896778,0,010110,困,001110,咸
896779,0,010111,讼,001110,咸
896786,0,010100,解,001101,旅
896787,0,010101,未济,001101,旅
896788,0,010100,解,001100,小过
896789,0,010101,未济,001100,小过
896796,0,010110,困,001101,旅
896797,0,010111,讼,001101,旅
896798,0,010110,困,001100,小过
896799,0,010111,讼,001100,小过
896866,0,010000,师,001011,渐
896867,0,010001,蒙,001011,渐
896868,0,010000,师,001010,蹇
896869,0,010001,蒙,001010,蹇
896876,0,010010,坎,001011,渐
896877,0,010011,涣,001011,渐
896878,0,010010,坎,001010,蹇
896879,0,010011,涣,001010,蹇
896886,0,010000,师,001001,艮
896887,0,010001,蒙,001001,艮
896888,0,010000,师,001000,谦
896889,0,010001,蒙,001000,谦
896896,0,010010,坎,001001,艮
896897,0,010011,涣,001001,艮
896898,0,010010,坎,001000,谦
896899,0,010011,涣,001000,谦
896966,0,010100,解,001011,渐
896967,0,010101,未济,001011,渐
896968,0,010100,解,001010,蹇
896969,0,010101,未济,001010,蹇
896976,0,010110,困,001011,渐
896977,0,010111,讼,001011,渐
896978,0,010110,困,001010,蹇
896979,0,010111,讼,001010,蹇
896986,0,010100,解,001001,艮
896987,0,010101,未济,001001,艮
896988,0,010100,解,001000,谦
896989,0,010101,未济,001000,谦
896996,0,010110,困,001001,艮
896997,0,010111,讼,001001,艮
896998,0,010110,困,001000,谦
896999,0,010111,讼,001000,谦
897666,0,011000,升,001111,遁
897667,0,011001,蛊,001111,遁
897668,0,011000,升,001110,咸
897669,0,011001,蛊,001110,咸
897676,0,011010,井,001111,遁
897677,0,011011,巽,001111,遁
897678,0,011010,井,001110,咸
897679,0,011011,巽,001110,咸
897686,0,011000,升,001101,旅
897687,0,011001,蛊,001101,旅
897688,0,011000,升,001100,小过
897689,0,011001,蛊,001100,小过
897696,0,011010,井,001101,旅
897697,0,011011,巽,001101,旅
897698,0,011010,井,001100,小过
897699,0,011011,巽,001100,小过
897766,0,011100,恒,001111,遁
897767,0,011101,鼎,001111,遁
897768,0,011100,恒,001110,咸
897769,0,011101,鼎,001110,咸
897776,0,011110,大过,001111,遁
897777,0,011111,姤,001111,遁
897778,0,011110,大过,001110,咸
897779,0,011111,姤,001110,咸
897786,0,011100,恒,001101,旅
897787,0,011101,鼎,001101,旅
897788,0,011100,恒,001100,小过
897789,0,011101,鼎,001100,小过
897796,0,011110,大过,001101,旅
897797,0,011111,姤,001101,旅
897798,0,011110,大过,001100,小过
897799,0,011111,姤,001100,小过
897866,0,011000,升,001011,渐
897867,0,011001,蛊,001011,渐
897868,0,011000,升,001010,蹇
897869,0,011001,蛊,001010,蹇
897876,0,011010,井,001011,渐
897877,0,011011,巽,001011,渐
897878,0,011010,井,001010,蹇
897879,0,011011,巽,001010,蹇
897886,0,011000,升,001001,艮
897887,0,011001,蛊,001001,艮
897888,0,011000,升,001000,谦
897889,0,011001,蛊,001000,谦
897896,0,011010,井,001001,艮
897897,0,011011,巽,001001,艮
897898,0,011010,井,001000,谦
897899,0,011011,巽,001000,谦
897966,0,011100,恒,001011,渐
897967,0,011101,鼎,001011,渐
897968,0,011100,恒,001010,蹇
897969,0,011101,鼎,001010,蹇
897976,0,011110,大过,001011,渐
897977,0,011111,姤,001011,渐
897978,0,011110,大过,001010,蹇
897979,0,011111,姤,001010,蹇
897986,0,011100,恒,001001,艮
897987,0,011101,鼎,001001,艮
897988,0,011100,恒,001000,谦
897989,0,011101,鼎,001000,谦
897996,0,011110,大过,001001,艮
897997,0,011111,姤,001001,艮
897998,0,011110,大过,001000,谦
897999,0,011111,姤,001000,谦
898666,0,010000,师,000111,否
898667,0,010001,蒙,000111,否
898668,0,010000,师,000110,萃
898669,0,010001,蒙,000110,萃
898676,0,010010,坎,000111,否
898677,0,010011,涣,000111,否
898678,0,010010,坎,000110,萃
898679,0,010011,涣,000110,萃
898686,0,010000,师,000101,晋
898687,0,010001,蒙,000101,晋
898688,0,010000,师,000100,豫
898689,0,010001,蒙,000100,豫
898696,0,010010,坎,000101,晋
898697,0,010011,涣,000101,晋
898698,0,010010,坎,000100,豫
898699,0,010011,涣,000100,豫
898766,0,010100,解,000111,否
898767,0,010101,未济,000111,否
898768,0,010100,解,000110,萃
898769,0,010101,未济,000110,萃
898776,0,010110,困,000111,否
898777,0,010111,讼,000111,否
898778,0,010110,困,000110,萃
898779,0,010111,讼,000110,萃
898786,0,010100,解,000101,晋
898787,0,010101,未济,000101,晋
898788,0,010100,解,000100,豫
898789,0,010101,未济,000100,豫
898796,0,010110,困,000101,晋
898797,0,010111,讼,000101,晋
898798,0,010110,困,000100,豫
898799,0,010111,讼,000100,豫
898866,0,010000,师,000011,观
898867,0,010001,蒙,000011,观
898868,0,010000,师,000010,比
898869,0,010001,蒙,000010,比
898876,0,010010,坎,000011,观
898877,0,010011,涣,000011,观
898878,0,010010,坎,000010,比
898879,0,010011,涣,000010,比
898886,0,010000,师,000001,剥
898887,0,010001,蒙,000001,剥
898888,0,010000,师,000000,坤
898889,0,010001,蒙,000000,坤
898896,0,010010,坎,000001,剥
898897,0,010011,涣,000001,剥
898898,0,010010,坎,000000,坤
898899,0,010011,涣,000000,坤
898966,0,010100,解,000011,观
898967,0,010101,未济,000011,观
898968,0,010100,解,000010,比
898969,0,010101,未济,000010,比
898976,0,010110,困,000011,观
898977,0,010111,讼,000011,观
898978,0,010110,困,000010,比
898979,0,010111,讼,000010,比
898986,0,010100,解,000001,剥
898987,0,010101,未济,000001,剥
898988,0,010100,解,000000,坤
898989,0,010101,未济,000000,坤
898996,0,010110,困,000001,剥
898997,0,010111,讼,000001,剥
898998,0,010110,困,000000,坤
898999,0,010111,讼,000000,坤
899666,0,011000,升,000111,否
899667,0,011001,蛊,000111,否
899668,0,011000,升,000110,萃
899669,0,011001,蛊,000110,萃
899676,0,011010,井,000111,否
899677,0,011011,巽,000111,否
899678,0,011010,井,000110,萃
899679,0,011011,巽,000110,萃
899686,0,011000,升,000101,晋
899687,0,011001,蛊,000101,晋
899688,0,011000,升,000100,豫
899689,0,011001,蛊,000100,豫
899696,0,011010,井,000101,晋
899697,0,011011,巽,000101,晋
899698,0,011010,井,000100,豫
899699,0,011011,巽,000100,豫
899766,0,011100,恒,000111,否
899767,0,011101,鼎,000111,否
899768,0,011100,恒,000110,萃
899769,0,011101,鼎,000110,萃
899776,0,011110,大过,000111,否
899777,0,011111,姤,000111,否
899778,0,011110,大过,000110,萃
899779,0,011111,姤,000110,萃
899786,0,011100,恒,000101,晋
899787,0,011101,鼎,000101,晋
899788,0,011100,恒,000100,豫
899789,0,011101,鼎,000100,豫
899796,0,011110,大过,000101,晋
899797,0,011111,姤,000101,晋
899798,0,011110,大过,000100,豫
899799,0,011111,姤,000100,豫
899866,0,011000,升,000011,观
899867,0,011001,蛊,000011,观
899868,0,011000,升,000010,比
899869,0,011001,蛊,000010,比
899876,0,011010,井,000011,观
899877,0,011011,巽,000011,观
899878,0,011010,井,000010,比
899879,0,011011,巽,000010,比
899886,0,011000,升,000001,剥
899887,0,011001,蛊,000001,剥
899888,0,011000,升,000000,坤
899889,0,011001,蛊,000000,坤
899896,0,011010,井,000001,剥
899897,0,011011,巽,000001,剥
899898,0,011010,井,000000,坤
899899,0,011011,巽,000000,坤
899966,0,011100,恒,000011,观
899967,0,011101,鼎,000011,观
899968,0,011100,恒,000010,比
899969,0,011101,鼎,000010,比
899976,0,011110,大过,000011,观
899977,0,011111,姤,000011,观
899978,0,011110,大过,000010,比
899979,0,011111,姤,000010,比
899986,0,011100,恒,000001,剥
899987,0,011101,鼎,000001,剥
899988,0,011100,恒,000000,坤
899989,0,011101,鼎,000000,坤
899996,0,011110,大过,000001,剥
899997,0,011111,姤,000001,剥
899998,0,011110,大过,000000,坤
899999,0,011111,姤,000000,坤
966666,0,100000,复,011111,姤
966667,0,100001,颐,011111,姤
966668,0,100000,复,011110,大过
966669,0,100001,颐,011110,大过
966676,0,100010,屯,011111,姤
966677,0,100011,益,011111,姤
966678,0,100010,屯,011110,大过
966679,0,100011,益,011110,大过
966686,0,100000,复,011101,鼎
966687,0,100001,颐,011101,鼎
966688,0,100000,复,011100,恒
966689,0,100001,颐,011100,恒
966696,0,100010,屯,011101,鼎
966697,0,100011,益,011101,鼎
966698,0,100010,屯,011100,恒
966699,0,100011,益,011100,恒
966766,0,100100,震,011111,姤
966767,0,100101,噬嗑,011111,姤
966768,0,100100,震,011110,大过
966769,0,100101,噬嗑,011110,大过
966776,0,100110,随,011111,姤
966777,0,100111,无妄,011111,姤
966778,0,100110,随,011110,大过
966779,0,100111,无妄,011110,大过
966786,0,100100,震,011101,鼎
966787,0,100101,噬嗑,011101,鼎
966788,0,100100,震,011100,恒
966789,0,100101,噬嗑,011100,恒
966796,0,100110,随,011101,鼎
966797,0,100111,无妄,011101,鼎
966798,0,100110,随,011100,恒
966799,0,100111,无妄,011100,恒
966866,0,100000,复,011011,巽
966867,0,100001,颐,011011,巽
966868,0,100000,复,011010,井
966869,0,100001,颐,011010,井
966876,0,100010,屯,011011,巽
966877,0,100011,益,011011,巽
966878,0,100010,屯,011010,井
966879,0,100011,益,011010,井
966886,0,100000,复,011001,蛊
966887,0,100001,颐,011001,蛊
966888,0,100000,复,011000,升
966889,0,100001,颐,011000,升
966896,0,100010,屯,011001,蛊
966897,0,100011,益,011001,蛊
966898,0,100010,屯,011000,升
966899,0,100011,益,011000,升
966966,0,100100,震,011011,巽
966967,0,100101,噬嗑,011011,巽
966968,0,100100,震,011010,井
966969,0,100101,噬嗑,011010,井
966976,0,100110,随,011011,巽
966977,0,100111,无妄,011011,巽
966978,0,100110,随,011010,井
966979,0,100111,无妄,011010,井
966986,0,100100,震,011001,蛊
966987,0,100101,噬嗑,011001,蛊
966988,0,100100,震,011000,升
966989,0,100101,噬嗑,011000,升
966996,0,100110,随,011001,蛊
966997,0,100111,无妄,011001,蛊
966998,0,100110,随,011000,升
966999,0,100111,无妄,011000,升
967666,0,101000,明夷,011111,姤
967667,0,101001,贲,011111,姤
967668,0,101000,明夷,011110,大过
967669,0,101001,贲,011110,大过
967676,0,101010,既济,011111,姤
967677,0,101011,家人,011111,姤
967678,0,101010,既济,011110,大过
967679,0,101011,家人,011110,大过
967686,0,101000,明夷,011101,鼎
967687,0,101001,贲,011101,鼎
967688,0,101000,明夷,011100,恒
967689,0,101001,贲,011100,恒
967696,0,101010,既济,011101,鼎
967697,0,101011,家人,011101,鼎
967698,0,101010,既济,011100,恒
967699,0,101011,家人,011100,恒
967766,0,101100,丰,011111,姤
967767,0,101101,离,011111,姤
967768,0,101100,丰,011110,大过
967769,0,101101,离,011110,大过
967776,0,101110,革,011111,姤
967777,0,101111,同人,011111,姤
967778,0,101110,革,011110,大过
967779,0,101111,同人,011110,大过
967786,0,101100,丰,011101,鼎
967787,0,101101,离,011101,鼎
967788,0,101100,丰,011100,恒
967789,0,101101,离,011100,恒
967796,0,101110,革,011101,鼎
967797,0,101111,同人,011101,鼎
967798,0,101110,革,011100,恒
967799,0,101111,同人,011100,恒
967866,0,101000,明夷,011011,巽
967867,0,101001,贲,011011,巽
967868,0,101000,明夷,011010,井
967869,0,101001,贲,011010,井
967876,0,101010,既济,011011,巽
967877,0,101011,家人,011011,巽
967878,0,101010,既济,011010,井
967879,0,101011,家人,011010,井
967886,0,101000,明夷,011001,蛊
967887,0,101001,贲,011001,蛊
967888,0,101000,明夷,011000,升
967889,0,101001,贲,011000,升
967896,0,101010,既济,011001,蛊
967897,0,101011,家人,011001,蛊
967898,0,101010,既济,011000,升
967899,0,101011,家人,011000,升
967966,0,101100,丰,011011,巽
967967,0,101101,离,011011,巽
967968,0,101100,丰,011010,井
967969,0,101101,离,011010,井
967976,0,101110,革,011011,巽
967977,0,101111,同人,011011,巽
967978,0,101110,革,011010,井
967979,0,101111,同人,011010,井
967986,0,101100,丰,011001,蛊
967987,0,101101,离,011001,蛊
967988,0,101100,丰,011000,升
967989,0,101101,离,011000,升
967996,0,101110,革,011001,蛊
967997,0,101111,同人,011001,蛊
967998,0,101110,革,011000,升
967999,0,101111,同人,011000,升
968666,0,100000,复,010111,讼
968667,0,100001,颐,010111,讼
968668,0,100000,复,010110,困
968669,0,100001,颐,010110,困
968676,0,100010,屯,010111,讼
968677,0,100011,益,010111,讼
968678,0,100010,屯,010110,困
968679,0,100011,益,010110,困
968686,0,100000,复,010101,未济
968687,0,100001,颐,010101,未济
968688,0,100000,复,010100,解
968689,0,100001,颐,010100,解
968696,0,100010,屯,010101,未济
968697,0,100011,益,010101,未济
968698,0,100010,屯,010100,解
968699,0,100011,益,010100,解
968766,0,100100,震,010111,讼
968767,0,100101,噬嗑,010111,讼
968768,0,100100,震,010110,困
968769,0,100101,噬嗑,010110,困
968776,0,100110,随,010111,讼
968777,0,100111,无妄,010111,讼
968778,0,100110,随,010110,困
968779,0,100111,无妄,010110,困
968786,0,100100,震,010101,未济
968787,0,100101,噬嗑,010101,未济
968788,0,100100,震,010100,解
968789,0,100101,噬嗑,010100,解
968796,0,100110,随,010101,未济
968797,0,100111,无妄,010101,未济
968798,0,100110,随,010100,解
968799,0,100111,无妄,010100,解
968866,0,100000,复,010011,涣
968867,0,100001,颐,010011,涣
968868,0,100000,复,010010,坎
968869,0,100001,颐,010010,坎
968876,0,100010,屯,010011,涣
968877,0,100011,益,010011,涣
968878,0,100010,屯,010010,坎
968879,0,100011,益,010010,坎
968886,0,100000,复,010001,蒙
968887,0,100001,颐,010001,蒙
968888,0,100000,复,010000,师
968889,0,100001,颐,010000,师
968896,0,100010,屯,010001,蒙
968897,0,100011,益,010001,蒙
968898,0,100010,屯,010000,师
968899,0,100011,益,010000,师
968966,0,100100,震,010011,涣
968967,0,100101,噬嗑,010011,涣
968968,0,100100,震,010010,坎
968969,0,100101,噬嗑,010010,坎
968976,0,100110,随,010011,涣
968977,0,100111,无妄,010011,涣
968978,0,100110,随,010010,坎
968979,0,100111,无妄,010010,坎
968986,0,100100,震,010001,蒙
968987,0,100101,噬嗑,010001,蒙
968988,0,100100,震,010000,师
968989,0,100101,噬嗑,010000,师
968996,0,100110,随,010001,蒙
968997,0,100111,无妄,010001,蒙
968998,0,100110,随,010000,师
968999,0,100111,无妄,010000,师
969666,0,101000,明夷,010111,讼
969667,0,101001,贲,010111,讼
969668,0,101000,明夷,010110,困
969669,0,101001,贲,010110,困
969676,0,101010,既济,010111,讼
969677,0,101011,家人,010111,讼
969678,0,101010,既济,010110,困
969679,0,101011,家人,010110,困
969686,0,101000,明夷,010101,未济
969687,0,101001,贲,010101,未济
969688,0,101000,明夷,010100,解
969689,0,101001,贲,010100,解
969696,0,101010,既济,010101,未济
969697,0,101011,家人,010101,未济
969698,0,101010,既济,010100,解
969699,0,101011,家人,010100,解
969766,0,101100,丰,010111,讼
969767,0,101101,离,010111,讼
969768,0,101100,丰,010110,困
969769,0,101101,离,010110,困
969776,0,101110,革,010111,讼
969777,0,101111,同人,010111,讼
969778,0,101110,革,010110,困
969779,0,101111,同人,010110,困
969786,0,101100,丰,010101,未济
969787,0,101101,离,010101,未济
969788,0,101100,丰,010100,解
969789,0,101101,离,010100,解
969796,0,101110,革,010101,未济
969797,0,101111,同人,010101,未济
969798,0,101110,革,010100,解
969799,0,101111,同人,010100,解
969866,0,101000,明夷,010011,涣
969867,0,101001,贲,010011,涣
969868,0,101000,明夷,010010,坎
969869,0,101001,贲,010010,坎
969876,0,101010,既济,010011,涣
969877,0,101011,家人,010011,涣
969878,0,101010,既济,010010,坎
969879,0,101011,家人,010010,坎
969886,0,101000,明夷,010001,蒙
969887,0,101001,贲,010001,蒙
969888,0,101000,明夷,010000,师
969889,0,101001,贲,010000,师
969896,0,101010,既济,010001,蒙
969897,0,101011,家人,010001,蒙
969898,0,101010,既济,010000,师
969899,0,101011,家人,010000,师
969966,0,101100,丰,010011,涣
969967,0,101101,离,010011,涣
969968,0,101100,丰,010010,坎
969969,0,101101,离,010010,坎
969976,0,101110,革,010011,涣
969977,0,101111,同人,010011,涣
969978,0,101110,革,010010,坎
969979,0,101111,同人,010010,坎
969986,0,101100,丰,010001,蒙
969987,0,101101,离,010001,蒙
969988,0,101100,丰,010000,师
969989,0,101101,离,010000,师
969996,0,101110,革,010001,蒙
969997,0,101111,同人,010001,蒙
969998,0,101110,革,010000,师
969999,0,101111,同人,010000,师
976666,0,110000,临,011111,姤
976667,0,110001,损,011111,姤
976668,0,110000,临,011110,大过
976669,0,110001,损,011110,大过
976676,0,110010,节,011111,姤
976677,0,110011,中孚,011111,姤
976678,0,110010,节,011110,大过
976679,0,110011,中孚,011110,大过
976686,0,110000,临,011101,鼎
976687,0,110001,损,011101,鼎
976688,0,110000,临,011100,恒
976689,0,110001,损,011100,恒
976696,0,110010,节,011101,鼎
976697,0,110011,中孚,011101,鼎
976698,0,110010,节,011100,恒
976699,0,110011,中孚,011100,恒
976766,0,110100,归妹,011111,姤
976767,0,110101,睽,011111,姤
976768,0,110100,归妹,011110,大过
976769,0,110101,睽,011110,大过
976776,0,110110,兑,011111,姤
976777,0,110111,履,011111,姤
976778,0,110110,兑,011110,大过
976779,0,110111,履,011110,大过
976786,0,110100,归妹,011101,鼎
976787,0,110101,睽,011101,鼎
976788,0,110100,归妹,011100,恒
976789,0,110101,睽,011100,恒
976796,0,110110,兑,011101,鼎
976797,0,110111,履,011101,鼎
976798,0,110110,兑,011100,恒
976799,0,110111,履,011100,恒
976866,0,110000,临,011011,巽
976867,0,110001,损,011011,巽
976868,0,110000,临,011010,井
976869,0,110001,损,011010,井
976876,0,110010,节,011011,巽
976877,0,110011,中孚,011011,巽
976878,0,110010,节,011010,井
976879,0,110011,中孚,011010,井
976886,0,110000,临,011001,蛊
976887,0,110001,损,011001,蛊
976888,0,110000,临,011000,升
976889,0,110001,损,011000,升
976896,0,110010,节,011001,蛊
976897,0,110011,中孚,011001,蛊
976898,0,110010,节,011000,升
976899,0,110011,中孚,011000,升
976966,0,110100,归妹,011011,巽
976967,0,110101,睽,011011,巽
976968,0,110100,归妹,011010,井
976969,0,110101,睽,011010,井
976976,0,110110,兑,011011,巽
976977,0,110111,履,011011,巽
976978,0,110110,兑,011010,井
976979,0,110111,履,011010,井
976986,0,110100,归妹,011001,蛊
976987,0,110101,睽,011001,蛊
976988,0,110100,归妹,011000,升
976989,0,110101,睽,011000,升
976996,0,110110,兑,011001,蛊
976997,0,110111,履,011001,蛊
976998,0,110110,兑,011000,升
976999,0,110111,履,011000,升
977666,0,111000,泰,011111,姤
977667,0,111001,大畜,011111,姤
977668,0,111000,泰,011110,大过
977669,0,111001,大畜,011110,大过
977676,0,111010,需,011111,姤
977677,0,111011,小畜,011111,姤
977678,0,111010,需,011110,大过
977679,0,111011,小畜,011110,大过
977686,0,111000,泰,011101,鼎
977687,0,111001,大畜,011101,鼎
977688,0,111000,泰,011100,恒
977689,0,111001,大畜,011100,恒
977696,0,111010,需,011101,鼎
977697,0,111011,小畜,011101,鼎
977698,0,111010,需,011100,恒
977699,0,111011,小畜,011100,恒
977766,0,111100,大壮,011111,姤
977767,0,111101,大有,011111,姤
977768,0,111100,大壮,011110,大过
977769,0,111101,大有,011110,大过
977776,0,111110,夬,011111,姤
977777,0,111111,乾,011111,姤
977778,0,111110,夬,011110,大过
977779,0,111111,乾,011110,大过
977786,0,111100,大壮,011101,鼎
977787,0,111101,大有,011101,鼎
977788,0,111100,大壮,011100,恒
977789,0,111101,大有,011100,恒
977796,0,111110,夬,011101,鼎
977797,0,111111,乾,011101,鼎
977798,0,111110,夬,011100,恒
977799,0,111111,乾,011100,恒
977866,0,111000,泰,011011,巽
977867,0,111001,大畜,011011,巽
977868,0,111000,泰,011010,井
977869,0,111001,大畜,011010,井
977876,0,111010,需,011011,巽
977877,0,111011,小畜,011011,巽
977878,0,111010,需,011010,井
977879,0,111011,小畜,011010,井
977886,0,111000,泰,011001,蛊
977887,0,111001,大畜,011001,蛊
977888,0,111000,泰,011000,升
977889,0,111001,大畜,011000,升
977896,0,111010,需,011001,蛊
977897,0,111011,小畜,011001,蛊
977898,0,111010,需,011000,升
977899,0,111011,小畜,011000,升
977966,0,111100,大壮,011011,巽
977967,0,111101,大有,011011,巽
977968,0,111100,大壮,011010,井
977969,0,111101,大有,011010,井
977976,0,111110,夬,011011,巽
977977,0,111111,乾,011011,巽
977978,0,111110,夬,011010,井
977979,0,111111,乾,011010,井
977986,0,111100,大壮,011001,蛊
977987,0,111101,大有,011001,蛊
977988,0,111100,大壮,011000,升
977989,0,111101,大有,011000,升
977996,0,111110,夬,011001,蛊
977997,0,111111,乾,011001,蛊
977998,0,111110,夬,011000,升
977999,0,111111,乾,011000,升
978666,0,110000,临,010111,讼
978667,0,110001,损,010111,讼
978668,0,110000,临,010110,困
978669,0,110001,损,010110,困
978676,0,110010,节,010111,讼
978677,0,110011,中孚,010111,讼
978678,0,110010,节,010110,困
978679,0,110011,中孚,010110,困
978686,0,110000,临,010101,未济
978687,0,110001,损,010101,未济
978688,0,110000,临,010100,解
978689,0,110001,损,010100,解
978696,0,110010,节,010101,未济
978697,0,110011,中孚,010101,未济
978698,0,110010,节,010100,解
978699,0,110011,中孚,010100,解
978766,0,110100,归妹,010111,讼
978767,0,110101,睽,010111,讼
978768,0,110100,归妹,010110,困
978769,0,110101,睽,010110,困
978776,0,110110,兑,010111,讼
978777,0,110111,履,010111,讼
978778,0,110110,兑,010110,困
978779,0,110111,履,010110,困
978786,0,110100,归妹,010101,未济
978787,0,110101,睽,010101,未济
978788,0,110100,归妹,010100,解
978789,0,110101,睽,010100,解
978796,0,110110,兑,010101,未济
978797,0,110111,履,010101,未济
978798,0,110110,兑,010100,解
978799,0,110111,履,010100,解
978866,0,110000,临,010011,涣
978867,0,110001,损,010011,涣
978868,0,110000,临,010010,坎
978869,0,110001,损,010010,坎
978876,0,110010,节,010011,涣
978877,0,110011,中孚,010011,涣
978878,0,110010,节,010010,坎
978879,0,110011,中孚,010010,坎
978886,0,110000,临,010001,蒙
978887,0,110001,损,010001,蒙
978888,0,110000,临,010000,师
978889,0,110001,损,010000,师
978896,0,110010,节,010001,蒙
978897,0,110011,中孚,010001,蒙
978898,0,110010,节,010000,师
978899,0,110011,中孚,010000,师
978966,0,110100,归妹,010011,涣
978967,0,110101,睽,010011,涣
978968,0,110100,归妹,010010,坎
978969,0,110101,睽,010010,坎
978976,0,110110,兑,010011,涣
978977,0,110111,履,010011,涣
978978,0,110110,兑,010010,坎
978979,0,110111,履,010010,坎
978986,0,110100,归妹,010001,蒙
978987,0,110101,睽,010001,蒙
978988,0,110100,归妹,010000,师
978989,0,110101,睽,010000,师
978996,0,110110,兑,010001,蒙
978997,0,110111,履,010001,蒙
978998,0,110110,兑,010000,师
978999,0,110111,履,010000,师
979666,0,111000,泰,010111,讼
979667,0,111001,大畜,010111,讼
979668,0,111000,泰,010110,困
979669,0,111001,大畜,010110,困
979676,0,111010,需,010111,讼
979677,0,111011,小畜,010111,讼
979678,0,111010,需,010110,困
979679,0,111011,小畜,010110,困
979686,0,111000,泰,010101,未济
979687,0,111001,大畜,010101,未济
979688,0,111000,泰,010100,解
979689,0,111001,大畜,010100,解
979696,0,111010,需,010101,未济
979697,0,111011,小畜,010101,未济
979698,0,111010,需,010100,解
979699,0,111011,小畜,010100,解
979766,0,111100,大壮,010111,讼
979767,0,111101,大有,010111,讼
979768,0,111100,大壮,010110,困
979769,0,111101,大有,010110,困
979776,0,111110,夬,010111,讼
979777,0,111111,乾,010111,讼
979778,0,111110,夬,010110,困
979779,0,111111,乾,010110,困
979786,0,111100,大壮,010101,未济
979787,0,111101,大有,010101,未济
979788,0,111100,大壮,010100,解
979789,0,111101,大有,010100,解
979796,0,111110,夬,010101,未济
979797,0,111111,乾,010101,未济
979798,0,111110,夬,010100,解
979799,0,111111,乾,010100,解
979866,0,111000,泰,010011,涣
979867,0,111001,大畜,010011,涣
979868,0,111000,泰,010010,坎
979869,0,111001,大畜,010010,坎
979876,0,111010,需,010011,涣
979877,0,111011,小畜,010011,涣
979878,0,111010,需,010010,坎
979879,0,111011,小畜,010010,坎
979886,0,111000,泰,010001,蒙
979887,0,111001,大畜,010001,蒙
979888,0,111000,泰,010000,师
979889,0,111001,大畜,010000,师
979896,0,111010,需,010001,蒙
979897,0,111011,小畜,010001,蒙
979898,0,111010,需,010000,师
979899,0,111011,小畜,010000,师
979966,0,111100,大壮,010011,涣
979967,0,111101,大有,010011,涣
979968,0,111100,大壮,010010,坎
979969,0,111101,大有,010010,坎
979976,0,111110,夬,010011,涣
979977,0,111111,乾,010011,涣
979978,0,111110,夬,010010,坎
979979,0,111111,乾,010010,坎
979986,0,111100,大壮,010001,蒙
979987,0,111101,大有,010001,蒙
979988,0,111100,大壮,010000,师
979989,0,111101,大有,010000,师
979996,0,111110,夬,010001,蒙
979997,0,111111,乾,010001,蒙
979998,0,111110,夬,010000,师
979999,0,111111,乾,010000,师
986666,0,100000,复,001111,遁
986667,0,100001,颐,001111,遁
986668,0,100000,复,001110,咸
986669,0,100001,颐,001110,咸
986676,0,100010,屯,001111,遁
986677,0,100011,益,001111,遁
986678,0,100010,屯,001110,咸
986679,0,100011,益,001110,咸
986686,0,100000,复,001101,旅
986687,0,100001,颐,001101,旅
986688,0,100000,复,001100,小过
986689,0,100001,颐,001100,小过
986696,0,100010,屯,001101,旅
986697,0,100011,益,001101,旅
986698,0,100010,屯,001100,小过
986699,0,100011,益,001100,小过
986766,0,100100,震,001111,遁
986767,0,100101,噬嗑,001111,遁
986768,0,100100,震,001110,咸
986769,0,100101,噬嗑,001110,咸
986776,0,100110,随,001111,遁
986777,0,100111,无妄,001111,遁
986778,0,100110,随,001110,咸
986779,0,100111,无妄,001110,咸
986786,0,100100,震,001101,旅
986787,0,100101,噬嗑,001101,旅
986788,0,100100,震,001100,小过
986789,0,100101,噬嗑,001100,小过
986796,0,100110,随,001101,旅
986797,0,100111,无妄,001101,旅
986798,0,100110,随,001100,小过
986799,0,100111,无妄,001100,小过
986866,0,100000,复,001011,渐
986867,0,100001,颐,001011,渐
986868,0,100000,复,001010,蹇
986869,0,100001,颐,001010,蹇
986876,0,100010,屯,001011,渐
986877,0,100011,益,001011,渐
986878,0,100010,屯,001010,蹇
986879,0,100011,益,001010,蹇
986886,0,100000,复,001001,艮
986887,0,100001,颐,001001,艮
986888,0,100000,复,001000,谦
986889,0,100001,颐,001000,谦
986896,0,100010,屯,001001,艮
986897,0,100011,益,001001,艮
986898,0,100010,屯,001000,谦
986899,0,100011,益,001000,谦
986966,0,100100,震,001011,渐
986967,0,100101,噬嗑,001011,渐
986968,0,100100,震,001010,蹇
986969,0,100101,噬嗑,001010,蹇
986976,0,100110,随,001011,渐
986977,0,100111,无妄,001011,渐
986978,0,100110,随,001010,蹇
986979,0,100111,无妄,001010,蹇
986986,0,100100,震,001001,艮
986987,0,100101,噬嗑,001001,艮
986988,0,100100,震,001000,谦
986989,0,100101,噬嗑,001000,谦
986996,0,100110,随,001001,艮
986997,0,100111,无妄,001001,艮
986998,0,100110,随,001000,谦
986999,0,100111,无妄,001000,谦
987666,0,101000,明夷,001111,遁
987667,0,101001,贲,001111,遁
987668,0,101000,明夷,001110,咸
987669,0,101001,贲,001110,咸
987676,0,101010,既济,001111,遁
987677,0,101011,家人,001111,遁
987678,0,101010,既济,001110,咸
987679,0,101011,家人,001110,咸
987686,0,101000,明夷,001101,旅
987687,0,101001,贲,001101,旅
987688,0,101000,明夷,001100,小过
987689,0,101001,贲,001100,小过
987696,0,101010,既济,001101,旅
987697,0,101011,家人,001101,旅
987698,0,101010,既济,001100,小过
987699,0,101011,家人,001100,小过
987766,0,101100,丰,001111,遁
987767,0,101101,离,001111,遁
987768,0,101100,丰,001110,咸
987769,0,101101,离,001110,咸
987776,0,101110,革,001111,遁
987777,0,101111,同人,001111,遁
987778,0,101110,革,001110,咸
987779,0,101111,同人,001110,咸
987786,0,101100,丰,001101,旅
987787,0,101101,离,001101,旅
987788,0,101100,丰,001100,小过
987789,0,101101,离,001100,小过
987796,0,101110,革,001101,旅
987797,0,101111,同人,001101,旅
987798,0,101110,革,001100,小过
987799,0,101111,同人,001100,小过
987866,0,101000,明夷,001011,渐
987867,0,101001,贲,001011,渐
987868,0,101000,明夷,001010,蹇
987869,0,101001,贲,001010,蹇
987876,0,101010,既济,001011,渐
987877,0,101011,家人,001011,渐
987878,0,101010,既济,001010,蹇
987879,0,101011,家人,001010,蹇
987886,0,101000,明夷,001001,艮
987887,0,101001,贲,001001,艮
987888,0,101000,明夷,001000,谦
987889,0,101001,贲,001000,谦
987896,0,101010,既济,001001,艮
987897,0,101011,家人,001001,艮
987898,0,101010,既济,001000,谦
987899,0,101011,家人,001000,谦
987966,0,101100,丰,001011,渐
987967,0,101101,离,001011,渐
987968,0,101100,丰,001010,蹇
987969,0,101101,离,001010,蹇
987976,0,101110,革,001011,渐
987977,0,101111,同人,001011,渐
987978,0,101110,革,001010,蹇
987979,0,101111,同人,001010,蹇
987986,0,101100,丰,001001,艮
987987,0,101101,离,001001,艮
987988,0,101100,丰,001000,谦
987989,0,101101,离,001000,谦
987996,0,101110,革,001001,艮
987997,0,101111,同人,001001,艮
987998,0,101110,革,001000,谦
987999,0,101111,同人,001000,谦
988666,0,100000,复,000111,否
988667,0,100001,颐,000111,否
988668,0,100000,复,000110,萃
988669,0,100001,颐,000110,萃
988676,0,100010,屯,000111,否
988677,0,100011,益,000111,否
988678,0,100010,屯,000110,萃
988679,0,100011,益,000110,萃
988686,0,100000,复,000101,晋
988687,0,100001,颐,000101,晋
988688,0,100000,复,000100,豫
988689,0,100001,颐,000100,豫
988696,0,100010,屯,000101,晋
988697,0,100011,益,000101,晋
988698,0,100010,屯,000100,豫
988699,0,100011,益,000100,豫
988766,0,100100,震,000111,否
988767,0,100101,噬嗑,000111,否
988768,0,100100,震,000110,萃
988769,0,100101,噬嗑,000110,萃
988776,0,100110,随,000111,否
988777,0,100111,无妄,000111,否
988778,0,100110,随,000110,萃
988779,0,100111,无妄,000110,萃
988786,0,100100,震,000101,晋
988787,0,100101,噬嗑,000101,晋
988788,0,100100,震,000100,豫
988789,0,100101,噬嗑,000100,豫
988796,0,100110,随,000101,晋
988797,0,100111,无妄,000101,晋
988798,0,100110,随,000100,豫
988799,0,100111,无妄,000100,豫
988866,0,100000,复,000011,观
988867,0,100001,颐,000011,观
988868,0,100000,复,000010,比
988869,0,100001,颐,000010,比
988876,0,100010,屯,000011,观
988877,0,100011,益,000011,观
988878,0,100010,屯,000010,比
988879,0,100011,益,000010,比
988886,0,100000,复,000001,剥
988887,0,100001,颐,000001,剥
988888,0,100000,复,000000,坤
988889,0,100001,颐,000000,坤
988896,0,100010,屯,000001,剥
988897,0,100011,益,000001,剥
988898,0,100010,屯,000000,坤
988899,0,100011,益,000000,坤
988966,0,100100,震,000011,观
988967,0,100101,噬嗑,000011,观
988968,0,100100,震,000010,比
988969,0,100101,噬嗑,000010,比
988976,0,100110,随,000011,观
988977,0,100111,无妄,000011,观
988978,0,100110,随,000010,比
988979,0,100111,无妄,000010,比
988986,0,100100,震,000001,剥
988987,0,100101,噬嗑,000001,剥
988988,0,100100,震,000000,坤
988989,0,100101,噬嗑,000000,坤
988996,0,100110,随,000001,剥
988997,0,100111,无妄,000001,剥
988998,0,100110,随,000000,坤
988999,0,100111,无妄,000000,坤
989666,0,101000,明夷,000111,否
989667,0,101001,贲,000111,否
989668,0,101000,明夷,000110,萃
989669,0,101001,贲,000110,萃
989676,0,101010,既济,000111,否
989677,0,101011,家人,000111,否
989678,0,101010,既济,000110,萃
989679,0,101011,家人,000110,萃
989686,0,101000,明夷,000101,晋
989687,0,101001,贲,000101,晋
989688,0,101000,明夷,000100,豫
989689,0,101001,贲,000100,豫
989696,0,101010,既济,000101,晋
989697,0,101011,家人,000101,晋
989698,0,101010,既济,000100,豫
989699,0,101011,家人,000100,豫
989766,0,101100,丰,000111,否
989767,0,101101,离,000111,否
989768,0,101100,丰,000110,萃
989769,0,101101,离,000110,萃
989776,0,101110,革,000111,否
989777,0,101111,同人,000111,否
989778,0,101110,革,000110,萃
989779,0,101111,同人,000110,萃
989786,0,101100,丰,000101,晋
989787,0,101101,离,000101,晋
989788,0,101100,丰,000100,豫
989789,0,101101,离,000100,豫
989796,0,101110,革,000101,晋
989797,0,101111,同人,000101,晋
989798,0,101110,革,000100,豫
989799,0,101111,同人,000100,豫
989866,0,101000,明夷,000011,观
989867,0,101001,贲,000011,观
989868,0,101000,明夷,000010,比
989869,0,101001,贲,000010,比
989876,0,101010,既济,000011,观
989877,0,101011,家人,000011,观
989878,0,101010,既济,000010,比
989879,0,101011,家人,000010,比
989886,0,101000,明夷,000001,剥
989887,0,101001,贲,000001,剥
989888,0,101000,明夷,000000,坤
989889,0,101001,贲,000000,坤
989896,0,101010,既济,000001,剥
989897,0,101011,家人,000001,剥
989898,0,101010,既济,000000,坤
989899,0,101011,家人,000000,坤
989966,0,101100,丰,000011,观
989967,0,101101,离,000011,观
989968,0,101100,丰,000010,比
989969,0,101101,离,000010,比
989976,0,101110,革,000011,观
989977,0,101111,同人,000011,观
989978,0,101110,革,000010,比
989979,0,101111,同人,000010,比
989986,0,101100,丰,000001,剥
989987,0,101101,离,000001,剥
989988,0,101100,丰,000000,坤
989989,0,101101,离,000000,坤
989996,0,101110,革,000001,剥
989997,0,101111,同人,000001,剥
989998,0,101110,革,000000,坤
989999,0,101111,同人,000000,坤
996666,0,110000,临,001111,遁
996667,0,110001,损,001111,遁
996668,0,110000,临,001110,咸
996669,0,110001,损,001110,咸
996676,0,110010,节,001111,遁
996677,0,110011,中孚,001111,遁
996678,0,110010,节,001110,咸
996679,0,110011,中孚,001110,咸
996686,0,110000,临,001101,旅
996687,0,110001,损,001101,旅
996688,0,110000,临,001100,小过
996689,0,110001,损,001100,小过
996696,0,110010,节,001101,旅
996697,0,110011,中孚,001101,旅
996698,0,110010,节,001100,小过
996699,0,110011,中孚,001100,小过
996766,0,110100,归妹,001111,遁
996767,0,110101,睽,001111,遁
996768,0,110100,归妹,001110,咸
996769,0,110101,睽,001110,咸
996776,0,110110,兑,001111,遁
996777,0,110111,履,001111,遁
996778,0,110110,兑,001110,咸
996779,0,110111,履,001110,咸
996786,0,110100,归妹,001101,旅
996787,0,110101,睽,001101,旅
996788,0,110100,归妹,001100,小过
996789,0,110101,睽,001100,小过
996796,0,110110,兑,001101,旅
996797,0,110111,履,001101,旅
996798,0,110110,兑,001100,小过
996799,0,110111,履,001100,小过
996866,0,110000,临,001011,渐
996867,0,110001,损,001011,渐
996868,0,110000,临,001010,蹇
996869,0,110001,损,001010,蹇
996876,0,110010,节,001011,渐
996877,0,110011,中孚,001011,渐
996878,0,110010,节,001010,蹇
996879,0,110011,中孚,001010,蹇
996886,0,110000,临,001001,艮
996887,0,110001,损,001001,艮
996888,0,110000,临,001000,谦
996889,0,110001,损,001000,谦
996896,0,110010,节,001001,艮
996897,0,110011,中孚,001001,艮
996898,0,110010,节,001000,谦
996899,0,110011,中孚,001000,谦
996966,0,110100,归妹,001011,渐
996967,0,110101,睽,001011,渐
996968,0,110100,归妹,001010,蹇
996969,0,110101,睽,001010,蹇
996976,0,110110,兑,001011,渐
996977,0,110111,履,001011,渐
996978,0,110110,兑,001010,蹇
996979,0,110111,履,001010,蹇
996986,0,110100,归妹,001001,艮
996987,0,110101,睽,001001,艮
996988,0,110100,归妹,001000,谦
996989,0,110101,睽,001000,谦
996996,0,110110,兑,001001,艮
996997,0,110111,履,001001,艮
996998,0,110110,兑,001000,谦
996999,0,110111,履,001000,谦
997666,0,111000,泰,001111,遁
997667,0,111001,大畜,001111,遁
997668,0,111000,泰,001110,咸
997669,0,111001,大畜,001110,咸
997676,0,111010,需,001111,遁
997677,0,111011,小畜,001111,遁
997678,0,111010,需,001110,咸
997679,0,111011,小畜,001110,咸
997686,0,111000,泰,001101,旅
997687,0,111001,大畜,001101,旅
997688,0,111000,泰,001100,小过
997689,0,111001,大畜,001100,小过
997696,0,111010,需,001101,旅
997697,0,111011,小畜,001101,旅
997698,0,111010,需,001100,小过
997699,0,111011,小畜,001100,小过
997766,0,111100,大壮,001111,遁
997767,0,111101,大有,001111,遁
997768,0,111100,大壮,001110,咸
997769,0,111101,大有,001110,咸
997776,0,111110,夬,001111,遁
997777,0,111111,乾,001111,遁
997778,0,111110,夬,001110,咸
997779,0,111111,乾,001110,咸
997786,0,111100,大壮,001101,旅
997787,0,111101,大有,001101,旅
997788,0,111100,大壮,001100,小过
997789,0,111101,大有,001100,小过
997796,0,111110,夬,001101,旅
997797,0,111111,乾,001101,旅
997798,0,111110,夬,001100,小过
997799,0,111111,乾,001100,小过
997866,0,111000,泰,001011,渐
997867,0,111001,大畜,001011,渐
997868,0,111000,泰,001010,蹇
997869,0,111001,大畜,001010,蹇
997876,0,111010,需,001011,渐
997877,0,111011,小畜,001011,渐
997878,0,111010,需,001010,蹇
997879,0,111011,小畜,001010,蹇
997886,0,111000,泰,001001,艮
997887,0,111001,大畜,001001,艮
997888,0,111000,泰,001000,谦
997889,0,111001,大畜,001000,谦
997896,0,111010,需,001001,艮
997897,0,111011,小畜,001001,艮
997898,0,111010,需,001000,谦
997899,0,111011,小畜,001000,谦
997966,0,111100,大壮,001011,渐
997967,0,111101,大有,001011,渐
997968,0,111100,大壮,001010,蹇
997969,0,111101,大有,001010,蹇
997976,0,111110,夬,001011,渐
997977,0,111111,乾,001011,渐
997978,0,111110,夬,001010,蹇
997979,0,111111,乾,001010,蹇
997986,0,111100,大壮,001001,艮
997987,0,111101,大有,001001,艮
997988,0,111100,大壮,001000,谦
997989,0,111101,大有,001000,谦
997996,0,111110,夬,001001,艮
997997,0,111111,乾,001001,艮
997998,0,111110,夬,001000,谦
997999,0,111111,乾,001000,谦
998666,0,110000,临,000111,否
998667,0,110001,损,000111,否
998668,0,110000,临,000110,萃
998669,0,110001,损,000110,萃
998676,0,110010,节,000111,否
998677,0,110011,中孚,000111,否
998678,0,110010,节,000110,萃
998679,0,110011,中孚,000110,萃
998686,0,110000,临,000101,晋
998687,0,110001,损,000101,晋
998688,0,110000,临,000100,豫
998689,0,110001,损,000100,豫
998696,0,110010,节,000101,晋
998697,0,110011,中孚,000101,晋
998698,0,110010,节,000100,豫
998699,0,110011,中孚,000100,豫
998766,0,110100,归妹,000111,否
998767,0,110101,睽,000111,否
998768,0,110100,归妹,000110,萃
998769,0,110101,睽,000110,萃
998776,0,110110,兑,000111,否
998777,0,110111,履,000111,否
998778,0,110110,兑,000110,萃
998779,0,110111,履,000110,萃
998786,0,110100,归妹,000101,晋
998787,0,110101,睽,000101,晋
998788,0,110100,归妹,000100,豫
998789,0,110101,睽,000100,豫
998796,0,110110,兑,000101,晋
998797,0,110111,履,000101,晋
998798,0,110110,兑,000100,豫
998799,0,110111,履,000100,豫
998866,0,110000,临,000011,观
998867,0,110001,损,000011,观
998868,0,110000,临,000010,比
998869,0,110001,损,000010,比
998876,0,110010,节,000011,观
998877,0,110011,中孚,000011,观
998878,0,110010,节,000010,比
998879,0,110011,中孚,000010,比
998886,0,110000,临,000001,剥
998887,0,110001,损,000001,剥
998888,0,110000,临,000000,坤
998889,0,110001,损,000000,坤
998896,0,110010,节,000001,剥
998897,0,110011,中孚,000001,剥
998898,0,110010,节,000000,坤
998899,0,110011,中孚,000000,坤
998966,0,110100,归妹,000011,观
998967,0,110101,睽,000011,观
998968,0,110100,归妹,000010,比
998969,0,110101,睽,000010,比
998976,0,110110,兑,000011,观
998977,0,110111,履,000011,观
998978,0,110110,兑,000010,比
998979,0,110111,履,000010,比
998986,0,110100,归妹,000001,剥
998987,0,110101,睽,000001,剥
998988,0,110100,归妹,000000,坤
998989,0,110101,睽,000000,坤
998996,0,110110,兑,000001,剥
998997,0,110111,履,000001,剥
998998,0,110110,兑,000000,坤
998999,0,110111,履,000000,坤
999666,0,111000,泰,000111,否
999667,0,111001,大畜,000111,否
999668,0,111000,泰,000110,萃
999669,0,111001,大畜,000110,萃
999676,0,111010,需,000111,否
999677,0,111011,小畜,000111,否
999678,0,111010,需,000110,萃
999679,0,111011,小畜,000110,萃
999686,0,111000,泰,000101,晋
999687,0,111001,大畜,000101,晋
999688,0,111000,泰,000100,豫
999689,0,111001,大畜,000100,豫
999696,0,111010,需,000101,晋
999697,0,111011,小畜,000101,晋
999698,0,111010,需,000100,豫
999699,0,111011,小畜,000100,豫
999766,0,111100,大壮,000111,否
999767,0,111101,大有,000111,否
999768,0,111100,大壮,000110,萃
999769,0,111101,大有,000110,萃
999776,0,111110,夬,000111,否
999777,0,111111,乾,000111,否
999778,0,111110,夬,000110,萃
999779,0,111111,乾,000110,萃
999786,0,111100,大壮,000101,晋
999787,0,111101,大有,000101,晋
999788,0,111100,大壮,000100,豫
999789,0,111101,大有,000100,豫
999796,0,111110,夬,000101,晋
999797,0,111111,乾,000101,晋
999798,0,111110,夬,000100,豫
999799,0,111111,乾,000100,豫
999866,0,111000,泰,000011,观
999867,0,111001,大畜,000011,观
999868,0,111000,泰,000010,比
999869,0,111001,大畜,000010,比
999876,0,111010,需,000011,观
999877,0,111011,小畜,000011,观
999878,0,111010,需,000010,比
999879,0,111011,小畜,000010,比
999886,0,111000,泰,000001,剥
999887,0,111001,大畜,000001,剥
999888,0,111000,泰,000000,坤
999889,0,111001,大畜,000000,坤
999896,0,111010,需,000001,剥
999897,0,111011,小畜,000001,剥
999898,0,111010,需,000000,坤
999899,0,111011,小畜,000000,坤
999966,0,111100,大壮,000011,观
999967,0,111101,大有,000011,观
999968,0,111100,大壮,000010,比
999969,0,111101,大有,000010,比
999976,0,111110,夬,000011,观
999977,0,111111,乾,000011,观
999978,0,111110,夬,000010,比
999979,0,111111,乾,000010,比
999986,0,111100,大壮,000001,剥
999987,0,111101,大有,000001,剥
999988,0,111100,大壮,000000,坤
999989,0,111101,大有,000000,坤
999996,0,111110,夬,000001,剥
999997,0,111111,乾,000001,剥
999998,0,111110,夬,000000,坤
999999,0,999999,用九,,